Country Name,Country Code,Indicator Name,Indicator Code,1960,1961,1962,1963,1964,1965,1966,1967,1968,1969,1970,1971,1972,1973,1974,1975,1976,1977,1978,1979,1980,1981,1982,1983,1984,1985,1986,1987,1988,1989,1990,1991,1992,1993,1994,1995,1996,1997,1998,1999,2000,2001,2002,2003,2004,2005,2006,2007,2008,2009,2010,2011,2012,2013,2014
Aruba,ABW,Land area (sq. km),AG.LND.TOTL.K2,,180,180,180,180,180,180,180,180,180,180,180,180,180,180,180,180,180,180,180,180,180,180,180,180,180,180,180,180,180,180,180,180,180,180,180,180,180,180,180,180,180,180,180,180,180,180,180,180,180,180,180,180,180,180
Andorra,AND,Land area (sq. km),AG.LND.TOTL.K2,,470,470,470,470,470,470,470,470,470,470,470,470,470,470,470,470,470,470,470,470,470,470,470,470,470,470,470,470,470,470,470,470,470,470,470,470,470,470,470,470,470,470,470,470,470,470,470,470,470,470,470,470,470,470
Afghanistan,AFG,Land area (sq. km),AG.LND.TOTL.K2,,652860,652860,652860,652860,652860,652860,652860,652860,652860,652860,652860,652860,652860,652860,652860,652860,652860,652860,652860,652860,652860,652860,652860,652860,652860,652860,652860,652860,652860,652860,652860,652860,652860,652860,652860,652860,652860,652860,652860,652860,652860,652860,652860,652860,652860,652860,652860,652860,652860,652860,652860,652860,652860,652860
Angola,AGO,Land area (sq. km),AG.LND.TOTL.K2,,1246700,1246700,1246700,1246700,1246700,1246700,1246700,1246700,1246700,1246700,1246700,1246700,1246700,1246700,1246700,1246700,1246700,1246700,1246700,1246700,1246700,1246700,1246700,1246700,1246700,1246700,1246700,1246700,1246700,1246700,1246700,1246700,1246700,1246700,1246700,1246700,1246700,1246700,1246700,1246700,1246700,1246700,1246700,1246700,1246700,1246700,1246700,1246700,1246700,1246700,1246700,1246700,1246700,1246700
Albania,ALB,Land area (sq. km),AG.LND.TOTL.K2,,27400,27400,27400,27400,27400,27400,27400,27400,27400,27400,27400,27400,27400,27400,27400,27400,27400,27400,27400,27400,27400,27400,27400,27400,27400,27400,27400,27400,27400,27400,27400,27400,27400,27400,27400,27400,27400,27400,27400,27400,27400,27400,27400,27400,27400,27400,27400,27400,27400,27400,27400,27400,27400,27400
Arab World,ARB,Land area (sq. km),AG.LND.TOTL.K2,,13624031,13624031,13624031,13624031,13624031,13624031,13624031,13624031,13624031,13624031,13624031,13624031,13623991,13623991,13623991,13623991,13623991,13623991,13623991,13623991,13623991,13623991,13623991,13623991,13623991,13623991,13623991,13623991,13623991,13623991,13623991,13624011,13624011,13624011,13624011,13624011,13624011,13624011,13624011,13624011,13624011,13624011,13623831,13623821,13623831,13623891,13623911,13623921,13621411,13621401,13621401,13621401,13621401,13621401
United Arab Emirates,ARE,Land area (sq. km),AG.LND.TOTL.K2,,83600,83600,83600,83600,83600,83600,83600,83600,83600,83600,83600,83600,83600,83600,83600,83600,83600,83600,83600,83600,83600,83600,83600,83600,83600,83600,83600,83600,83600,83600,83600,83600,83600,83600,83600,83600,83600,83600,83600,83600,83600,83600,83600,83600,83600,83600,83600,83600,83600,83600,83600,83600,83600,83600
Argentina,ARG,Land area (sq. km),AG.LND.TOTL.K2,,2736690,2736690,2736690,2736690,2736690,2736690,2736690,2736690,2736690,2736690,2736690,2736690,2736690,2736690,2736690,2736690,2736690,2736690,2736690,2736690,2736690,2736690,2736690,2736690,2736690,2736690,2736690,2736690,2736690,2736690,2736690,2736690,2736690,2736690,2736690,2736690,2736690,2736690,2736690,2736690,2736690,2736690,2736690,2736690,2736690,2736690,2736690,2736690,2736690,2736690,2736690,2736690,2736690,2736690
Armenia,ARM,Land area (sq. km),AG.LND.TOTL.K2,,28470,28470,28470,28470,28470,28470,28470,28470,28470,28470,28470,28470,28470,28470,28470,28470,28470,28470,28470,28470,28470,28470,28470,28470,28470,28470,28470,28470,28470,28470,28470,28470,28470,28470,28470,28470,28470,28470,28470,28470,28470,28470,28470,28470,28470,28470,28470,28470,28470,28470,28470,28470,28470,28470
American Samoa,ASM,Land area (sq. km),AG.LND.TOTL.K2,,200,200,200,200,200,200,200,200,200,200,200,200,200,200,200,200,200,200,200,200,200,200,200,200,200,200,200,200,200,200,200,200,200,200,200,200,200,200,200,200,200,200,200,200,200,200,200,200,200,200,200,200,200,200
Antigua and Barbuda,ATG,Land area (sq. km),AG.LND.TOTL.K2,,440,440,440,440,440,440,440,440,440,440,440,440,440,440,440,440,440,440,440,440,440,440,440,440,440,440,440,440,440,440,440,440,440,440,440,440,440,440,440,440,440,440,440,440,440,440,440,440,440,440,440,440,440,440
Australia,AUS,Land area (sq. km),AG.LND.TOTL.K2,,7682300,7682300,7682300,7682300,7682300,7682300,7682300,7682300,7682300,7682300,7682300,7682300,7682300,7682300,7682300,7682300,7682300,7682300,7682300,7682300,7682300,7682300,7682300,7682300,7682300,7682300,7682300,7682300,7682300,7682300,7682300,7682300,7682300,7682300,7682300,7682300,7682300,7682300,7682300,7682300,7682300,7682300,7682300,7682300,7682300,7682300,7682300,7682300,7682300,7682300,7682300,7682300,7682300,7682300
Austria,AUT,Land area (sq. km),AG.LND.TOTL.K2,,82450,82450,82450,82450,82450,82450,82450,82450,82450,82450,82450,82450,82450,82450,82450,82450,82450,82450,82450,82450,82450,82450,82450,82450,82450,82450,82450,82450,82450,82450,82450,82450,82450,82450,82450,82450,82450,82450,82450,82450,82450,82450,82450,82450,82450,82450,82450,82450,82409,82409,82409,82409,82409,82409
Azerbaijan,AZE,Land area (sq. km),AG.LND.TOTL.K2,,83217,83217,83217,83217,83217,83217,83217,83217,83217,83217,83217,83217,83217,83217,83217,83217,83217,83217,83217,83217,83217,83217,83217,83217,83217,83217,83217,83217,83217,83217,83217,83217,83217,83217,83217,83217,83217,83092,82705,82605,82604,82618,82652,82672,82660,82637,82629,82627,82622,82656,82658,82658,82658,82658
Burundi,BDI,Land area (sq. km),AG.LND.TOTL.K2,,25680,25680,25680,25680,25680,25680,25680,25680,25680,25680,25680,25680,25680,25680,25680,25680,25680,25680,25680,25680,25680,25680,25680,25680,25680,25680,25680,25680,25680,25680,25680,25680,25680,25680,25680,25680,25680,25680,25680,25680,25680,25680,25680,25680,25680,25680,25680,25680,25680,25680,25680,25680,25680,25680
Belgium,BEL,Land area (sq. km),AG.LND.TOTL.K2,,,,,,,,,,,,,,,,,,,,,,,,,,,,,,,,,,,,,,,,,30280,30280,30280,30280,30280,30280,30280,30280,30280,30280,30280,30280,30280,30280,30280
Benin,BEN,Land area (sq. km),AG.LND.TOTL.K2,,112760,112760,112760,112760,112760,112760,112760,112760,112760,112760,112760,112760,112760,112760,112760,112760,112760,112760,112760,112760,112760,112760,112760,112760,112760,112760,112760,112760,112760,112760,112760,112760,112760,112760,112760,112760,112760,112760,112760,112760,112760,112760,112760,112760,112760,112760,112760,112760,112760,112760,112760,112760,112760,112760
Burkina Faso,BFA,Land area (sq. km),AG.LND.TOTL.K2,,273600,273600,273600,273600,273600,273600,273600,273600,273600,273600,273600,273600,273600,273600,273600,273600,273600,273600,273600,273600,273600,273600,273600,273600,273600,273600,273600,273600,273600,273600,273600,273600,273600,273600,273600,273600,273600,273600,273600,273600,273600,273600,273600,273600,273600,273600,273600,273600,273600,273600,273600,273600,273600,273600
Bangladesh,BGD,Land area (sq. km),AG.LND.TOTL.K2,,130170,130170,130170,130170,130170,130170,130170,130170,130170,130170,130170,130170,130170,130170,130170,130170,130170,130170,130170,130170,130170,130170,130170,130170,130170,130170,130170,130170,130170,130170,130170,130170,130170,130170,130170,130170,130170,130170,130170,130170,130170,130170,130170,130170,130170,130170,130170,130170,130170,130170,130170,130170,130170,130170
Bulgaria,BGR,Land area (sq. km),AG.LND.TOTL.K2,,110630,110630,110630,110630,110630,110630,110630,110630,110630,110630,110630,110630,110630,110630,110630,110630,110630,110630,110630,110630,110630,110630,110630,110630,110630,110630,110630,110630,110630,110630,110630,110630,110630,110630,110630,110630,110630,110630,110630,110630,110630,108800,108770,108760,108640,108630,108610,108610,108560,108560,108560,108560,108560,108560
Bahrain,BHR,Land area (sq. km),AG.LND.TOTL.K2,,690,690,690,690,690,690,690,690,690,690,690,690,690,690,690,690,690,690,690,690,690,690,690,690,690,690,690,690,690,690,690,710,710,710,710,710,710,710,710,710,710,710,720,730,740,740,750,760,760,760,760,760,760,760
"Bahamas, The",BHS,Land area (sq. km),AG.LND.TOTL.K2,,10010,10010,10010,10010,10010,10010,10010,10010,10010,10010,10010,10010,10010,10010,10010,10010,10010,10010,10010,10010,10010,10010,10010,10010,10010,10010,10010,10010,10010,10010,10010,10010,10010,10010,10010,10010,10010,10010,10010,10010,10010,10010,10010,10010,10010,10010,10010,10010,10010,10010,10010,10010,10010,10010
Bosnia and Herzegovina,BIH,Land area (sq. km),AG.LND.TOTL.K2,,51000,51000,51000,51000,51000,51000,51000,51000,51000,51000,51000,51000,51000,51000,51000,51000,51000,51000,51000,51000,51000,51000,51000,51000,51000,51000,51000,51000,51000,51000,51000,51000,51000,51000,51000,51000,51000,51000,51000,51000,51000,51000,51000,51000,51000,51000,51000,51000,51000,51000,51000,51000,51000,51000
Belarus,BLR,Land area (sq. km),AG.LND.TOTL.K2,,202840,202840,202840,202840,202840,202840,202840,202840,202840,202840,202840,202840,202840,202840,202840,202840,202840,202840,202840,202840,202840,202840,202840,202840,202840,202840,202840,202840,202840,202840,202840,202840,202840,202840,202840,202840,202840,202840,202840,202840,202840,202830,202830,202810,202830,202900,202900,202900,202820,202900,202910,202910,202910,202910
Belize,BLZ,Land area (sq. km),AG.LND.TOTL.K2,,22810,22810,22810,22810,22810,22810,22810,22810,22810,22810,22810,22810,22810,22810,22810,22810,22810,22810,22810,22810,22810,22810,22810,22810,22810,22810,22810,22810,22810,22810,22810,22810,22810,22810,22810,22810,22810,22810,22810,22810,22810,22810,22810,22810,22810,22810,22810,22810,22810,22810,22810,22810,22810,22810
Bermuda,BMU,Land area (sq. km),AG.LND.TOTL.K2,,50,50,50,50,50,50,50,50,50,50,50,50,50,50,50,50,50,50,50,50,50,50,50,50,50,50,50,50,50,50,50,50,50,50,50,50,50,50,50,50,50,50,50,50,50,50,50,50,50,50,50,50,50,50
Bolivia,BOL,Land area (sq. km),AG.LND.TOTL.K2,,1083300,1083300,1083300,1083300,1083300,1083300,1083300,1083300,1083300,1083300,1083300,1083300,1083300,1083300,1083300,1083300,1083300,1083300,1083300,1083300,1083300,1083300,1083300,1083300,1083300,1083300,1083300,1083300,1083300,1083300,1083300,1083300,1083300,1083300,1083300,1083300,1083300,1083300,1083300,1083300,1083300,1083300,1083300,1083300,1083300,1083300,1083300,1083300,1083300,1083300,1083300,1083300,1083300,1083300
Brazil,BRA,Land area (sq. km),AG.LND.TOTL.K2,,8358140,8358140,8358140,8358140,8358140,8358140,8358140,8358140,8358140,8358140,8358140,8358140,8358140,8358140,8358140,8358140,8358140,8358140,8358140,8358140,8358140,8358140,8358140,8358140,8358140,8358140,8358140,8358140,8358140,8358140,8358140,8358140,8358140,8358140,8358140,8358140,8358140,8358140,8358140,8358140,8358140,8358140,8358140,8358140,8358140,8358140,8358140,8358140,8358140,8358140,8358140,8358140,8358140,8358140
Barbados,BRB,Land area (sq. km),AG.LND.TOTL.K2,,430,430,430,430,430,430,430,430,430,430,430,430,430,430,430,430,430,430,430,430,430,430,430,430,430,430,430,430,430,430,430,430,430,430,430,430,430,430,430,430,430,430,430,430,430,430,430,430,430,430,430,430,430,430
Brunei Darussalam,BRN,Land area (sq. km),AG.LND.TOTL.K2,,5270,5270,5270,5270,5270,5270,5270,5270,5270,5270,5270,5270,5270,5270,5270,5270,5270,5270,5270,5270,5270,5270,5270,5270,5270,5270,5270,5270,5270,5270,5270,5270,5270,5270,5270,5270,5270,5270,5270,5270,5270,5270,5270,5270,5270,5270,5270,5270,5270,5270,5270,5270,5270,5270
Bhutan,BTN,Land area (sq. km),AG.LND.TOTL.K2,,46723,46723,46723,46723,46723,46723,46723,46723,46723,46723,46723,46723,46723,46723,46723,46723,46723,46723,46723,46723,46723,46723,46723,46723,46723,46723,46723,46723,46723,46723,46723,46723,46723,39800,39800,39800,39800,39800,39800,39800,39800,39800,39800,38117,38117,38117,38117,38117,38117,38117,38117,38117,38117,38117
Botswana,BWA,Land area (sq. km),AG.LND.TOTL.K2,,566730,566730,566730,566730,566730,566730,566730,566730,566730,566730,566730,566730,566730,566730,566730,566730,566730,566730,566730,566730,566730,566730,566730,566730,566730,566730,566730,566730,566730,566730,566730,566730,566730,566730,566730,566730,566730,566730,566730,566730,566730,566730,566730,566730,566730,566730,566730,566730,566730,566730,566730,566730,566730,566730
Central African Republic,CAF,Land area (sq. km),AG.LND.TOTL.K2,,622980,622980,622980,622980,622980,622980,622980,622980,622980,622980,622980,622980,622980,622980,622980,622980,622980,622980,622980,622980,622980,622980,622980,622980,622980,622980,622980,622980,622980,622980,622980,622980,622980,622980,622980,622980,622980,622980,622980,622980,622980,622980,622980,622980,622980,622980,622980,622980,622980,622980,622980,622980,622980,622980
Canada,CAN,Land area (sq. km),AG.LND.TOTL.K2,,9093510,9093510,9093510,9093510,9093510,9093510,9093510,9093510,9093510,9093510,9093510,9093510,9093510,9093510,9093510,9093510,9093510,9093510,9093510,9093510,9093510,9093510,9093510,9093510,9093510,9093510,9093510,9093510,9093510,9093510,9093510,9093510,9093510,9093510,9093510,9093510,9093510,9093510,9093510,9093510,9093510,9093510,9093510,9093510,9093510,9093510,9093510,9093510,9093510,9093510,9093510,9093510,9093510,9093510
Central Europe and the Baltics,CEB,Land area (sq. km),AG.LND.TOTL.K2,,1105986,1105966,1105976,1105976,1105966,1105956,1105946,1105936,1105936,1105926,1105916,1105916,1105916,1105916,1105916,1105896,1105906,1105916,1105866,1105856,1105846,1105836,1105826,1105826,1105826,1105826,1105826,1105816,1104826,1104826,1104936,1104936,1104926,1104976,1104956,1105056,1105006,1104996,1105006,1104936,1104936,1103266,1103276,1103436,1103286,1103256,1103146,1103131,1104115,1104156,1104182,1103992,1103992,1103992
Switzerland,CHE,Land area (sq. km),AG.LND.TOTL.K2,,39528,39528,39528,39528,39528,39528,39528,39528,39528,39528,39528,39528,39528,39528,39528,39528,39528,39528,39528,39528,39528,39528,39528,39529,39529,39529,39529,39529,39529,39529,39529,39529,39529,39529,39529,39528,39527,39526,39525,39524,39523,39522,39521,39520,39518,39517,39516,39516,39516,39516,39516,39516,39516,39516
Channel Islands,CHI,Land area (sq. km),AG.LND.TOTL.K2,,194,194,194,194,194,194,194,194,194,194,194,194,194,194,194,194,194,194,194,194,194,194,194,194,194,194,194,194,194,194,194,194,194,194,194,194,194,194,194,194,194,194,194,194,194,194,194,194,194,190,190,190,190,190
Chile,CHL,Land area (sq. km),AG.LND.TOTL.K2,,743532,743532,743532,743532,743532,743532,743532,743532,743532,743532,743532,743532,743532,743532,743532,743532,743532,743532,743532,743532,743532,743532,743532,743532,743532,743532,743532,743532,743532,743532,743532,743532,743532,743532,743532,743532,743532,743532,743532,743532,743532,743532,743532,743532,743532,743532,743532,743532,743532,743532,743532,743532,743532,743532
China,CHN,Land area (sq. km),AG.LND.TOTL.K2,,9388250,9388250,9388250,9388250,9388250,9388250,9388250,9388250,9388250,9388250,9388250,9388250,9388250,9388250,9388250,9388250,9388250,9388250,9388250,9388250,9388250,9388250,9388250,9388250,9388250,9388250,9388250,9388250,9388250,9388250,9388250,9388250,9388250,9388250,9388240,9388230,9388230,9388230,9388230,9388220,9388214.2,9388213.2,9388212.7,9388212.5,9388211.8,9388211.4,9388210.8,9388210.8,9388211,9388211,9388211,9388211,9388211,9388211
Cote d'Ivoire,CIV,Land area (sq. km),AG.LND.TOTL.K2,,318000,318000,318000,318000,318000,318000,318000,318000,318000,318000,318000,318000,318000,318000,318000,318000,318000,318000,318000,318000,318000,318000,318000,318000,318000,318000,318000,318000,318000,318000,318000,318000,318000,318000,318000,318000,318000,318000,318000,318000,318000,318000,318000,318000,318000,318000,318000,318000,318000,318000,318000,318000,318000,318000
Cameroon,CMR,Land area (sq. km),AG.LND.TOTL.K2,,472710,472710,472710,472710,472710,472710,472710,472710,472710,472710,472710,472710,472710,472710,472710,472710,472710,472710,472710,472710,472710,472710,472710,472710,472710,472710,472710,472710,472710,472710,472710,472710,472710,472710,472710,472710,472710,472710,472710,472710,472710,472710,472710,472710,472710,472710,472710,472710,472710,472710,472710,472710,472710,472710
"Congo, Rep.",COG,Land area (sq. km),AG.LND.TOTL.K2,,341500,341500,341500,341500,341500,341500,341500,341500,341500,341500,341500,341500,341500,341500,341500,341500,341500,341500,341500,341500,341500,341500,341500,341500,341500,341500,341500,341500,341500,341500,341500,341500,341500,341500,341500,341500,341500,341500,341500,341500,341500,341500,341500,341500,341500,341500,341500,341500,341500,341500,341500,341500,341500,341500
Colombia,COL,Land area (sq. km),AG.LND.TOTL.K2,,1109500,1109500,1109500,1109500,1109500,1109500,1109500,1109500,1109500,1109500,1109500,1109500,1109500,1109500,1109500,1109500,1109500,1109500,1109500,1109500,1109500,1109500,1109500,1109500,1109500,1109500,1109500,1109500,1109500,1109500,1109500,1109500,1109500,1109500,1109500,1109500,1109500,1109500,1109500,1109500,1109500,1109500,1109500,1109500,1109500,1109500,1109500,1109500,1109500,1109500,1109500,1109500,1109500,1109500
Comoros,COM,Land area (sq. km),AG.LND.TOTL.K2,,1861,1861,1861,1861,1861,1861,1861,1861,1861,1861,1861,1861,1861,1861,1861,1861,1861,1861,1861,1861,1861,1861,1861,1861,1861,1861,1861,1861,1861,1861,1861,1861,1861,1861,1861,1861,1861,1861,1861,1861,1861,1861,1861,1861,1861,1861,1861,1861,1861,1861,1861,1861,1861,1861
Cabo Verde,CPV,Land area (sq. km),AG.LND.TOTL.K2,,4030,4030,4030,4030,4030,4030,4030,4030,4030,4030,4030,4030,4030,4030,4030,4030,4030,4030,4030,4030,4030,4030,4030,4030,4030,4030,4030,4030,4030,4030,4030,4030,4030,4030,4030,4030,4030,4030,4030,4030,4030,4030,4030,4030,4030,4030,4030,4030,4030,4030,4030,4030,4030,4030
Costa Rica,CRI,Land area (sq. km),AG.LND.TOTL.K2,,51060,51060,51060,51060,51060,51060,51060,51060,51060,51060,51060,51060,51060,51060,51060,51060,51060,51060,51060,51060,51060,51060,51060,51060,51060,51060,51060,51060,51060,51060,51060,51060,51060,51060,51060,51060,51060,51060,51060,51060,51060,51060,51060,51060,51060,51060,51060,51060,51060,51060,51060,51060,51060,51060
Caribbean small states,CSS,Land area (sq. km),AG.LND.TOTL.K2,,404800,404800,404800,404800,404800,404800,404800,404800,404800,404800,404800,404800,404800,404800,404940,404940,404940,404940,404940,404850,404850,404850,404850,404850,404850,404850,404850,404850,404850,404850,404850,404850,404850,404850,404850,404850,404850,404850,404850,404850,404850,404850,404850,404850,404850,404850,404850,404850,404850,404850,404850,404850,404850,404850
Cuba,CUB,Land area (sq. km),AG.LND.TOTL.K2,,107400,107400,107400,107400,107400,107400,107400,107400,107400,107400,107400,107400,107400,107400,107400,107400,107400,107400,107400,107400,107400,107400,107400,107400,107400,107400,107400,107400,107400,107400,107400,107400,107400,107400,107400,107400,107400,107400,107400,107400,107400,106390,106400,106410,106440,106430,106440,106440,106440,106440,106440,106440,106440,106440
Curacao,CUW,Land area (sq. km),AG.LND.TOTL.K2,,444,444,444,444,444,444,444,444,444,444,444,444,444,444,444,444,444,444,444,444,444,444,444,444,444,444,444,444,444,444,444,444,444,444,444,444,444,444,444,444,444,444,444,444,444,444,444,444,444,444,444,444,444,444
Cayman Islands,CYM,Land area (sq. km),AG.LND.TOTL.K2,,240,240,240,240,240,240,240,240,240,240,240,240,240,240,240,240,240,240,240,240,240,240,240,240,240,240,240,240,240,240,240,240,240,240,240,240,240,240,240,240,240,240,240,240,240,240,240,240,240,240,240,240,240,240
Cyprus,CYP,Land area (sq. km),AG.LND.TOTL.K2,,9240,9240,9240,9240,9240,9240,9240,9240,9240,9240,9240,9240,9240,9240,9240,9240,9240,9240,9240,9240,9240,9240,9240,9240,9240,9240,9240,9240,9240,9240,9240,9240,9240,9240,9240,9240,9240,9240,9240,9240,9240,9240,9240,9240,9240,9240,9240,9240,9240,9240,9240,9240,9240,9240
Czech Republic,CZE,Land area (sq. km),AG.LND.TOTL.K2,,77270,77270,77270,77270,77270,77270,77270,77270,77270,77270,77270,77270,77270,77270,77270,77270,77270,77270,77270,77270,77270,77270,77270,77270,77270,77270,77270,77270,77270,77270,77270,77270,77270,77270,77270,77270,77270,77270,77270,77270,77270,77270,77270,77260,77260,77250,77250,77250,77250,77240,77240,77230,77230,77230
Germany,DEU,Land area (sq. km),AG.LND.TOTL.K2,,349130,349130,349130,349130,349130,349130,349130,349130,349130,349130,349130,349130,349130,349130,349130,349130,349130,349130,349130,349130,349130,349130,349130,349130,349130,349130,349130,349130,349130,349130,349130,349130,349120,349110,349100,349090,349050,349020,348980,348950,348900,348860,348810,348770,348760,348720,348670,348630,348610,348570,348560,348540,348540,348540
Djibouti,DJI,Land area (sq. km),AG.LND.TOTL.K2,,23180,23180,23180,23180,23180,23180,23180,23180,23180,23180,23180,23180,23180,23180,23180,23180,23180,23180,23180,23180,23180,23180,23180,23180,23180,23180,23180,23180,23180,23180,23180,23180,23180,23180,23180,23180,23180,23180,23180,23180,23180,23180,23180,23180,23180,23180,23180,23180,23180,23180,23180,23180,23180,23180
Dominica,DMA,Land area (sq. km),AG.LND.TOTL.K2,,750,750,750,750,750,750,750,750,750,750,750,750,750,750,750,750,750,750,750,750,750,750,750,750,750,750,750,750,750,750,750,750,750,750,750,750,750,750,750,750,750,750,750,750,750,750,750,750,750,750,750,750,750,750
Denmark,DNK,Land area (sq. km),AG.LND.TOTL.K2,,42370,42370,42370,42370,42370,42370,42370,42370,42370,42370,42370,42370,42370,42370,42370,42370,42370,42370,42380,42380,42380,42380,42380,42380,42380,42380,42390,42390,42390,42390,42390,42430,42430,42430,42430,42430,42430,42430,42430,42430,42430,42430,42430,42430,42430,42430,42430,42430,42430,42430,42430,42430,42430,42430
Dominican Republic,DOM,Land area (sq. km),AG.LND.TOTL.K2,,48320,48320,48320,48320,48320,48320,48320,48320,48320,48320,48320,48320,48320,48320,48320,48320,48320,48320,48320,48320,48320,48320,48320,48320,48320,48320,48320,48320,48320,48320,48320,48320,48320,48320,48320,48320,48320,48320,48320,48320,48320,48320,48320,48320,48320,48320,48320,48320,48320,48320,48320,48320,48320,48320
Algeria,DZA,Land area (sq. km),AG.LND.TOTL.K2,,2381740,2381740,2381740,2381740,2381740,2381740,2381740,2381740,2381740,2381740,2381740,2381740,2381740,2381740,2381740,2381740,2381740,2381740,2381740,2381740,2381740,2381740,2381740,2381740,2381740,2381740,2381740,2381740,2381740,2381740,2381740,2381740,2381740,2381740,2381740,2381740,2381740,2381740,2381740,2381740,2381740,2381740,2381740,2381740,2381740,2381740,2381740,2381740,2381740,2381740,2381740,2381740,2381740,2381740
East Asia & Pacific (developing only),EAP,Land area (sq. km),AG.LND.TOTL.K2,,15928610,15928610,15928610,15928610,15928610,15928610,15928610,15928610,15928610,15928610,15928610,15928610,15928580,15928540,15928520,15928520,15928520,15928520,15928520,15928520,15928520,15928520,15928520,15928520,15928520,15928520,15928520,15928520,15928520,15928520,15929860,15929860,15929860,15929860,15929850,15929840,15929840,15929840,15929840,15915400,15915424.2,15914883.2,15914402.7,15914282.5,15914221.8,15914331.4,15914380.8,15914170.8,15914161,15914121,15914151,15914151,15914151,15914151
East Asia & Pacific (all income levels),EAS,Land area (sq. km),AG.LND.TOTL.K2,,24402250,24402250,24402250,24402250,24402250,24402250,24402250,24402250,24402250,24402250,24402250,24402150,24402120,24402080,24401950,24401950,24401840,24401840,24401840,24401740,24401840,24401630,24401630,24400130,24400030,24400130,24400030,24400030,24400030,24400030,24401830,24401830,24401830,24401830,24401880,24401770,24401770,24401770,24401770,24387330,24387640.2,24387155.2,24386696.7,24386599.5,24386568.8,24386714,24386805,24386710,24386770.5,24386910.7,24386945.9,24387070.9,24387070.9,24387070.9
Europe & Central Asia (developing only),ECA,Land area (sq. km),AG.LND.TOTL.K2,,6339294,6339274,6339284,6339284,6339274,6339264,6339254,6339244,6339244,6339234,6339224,6339224,6339224,6339224,6339224,6339204,6339214,6339224,6339174,6339164,6339154,6339144,6339134,6339134,6339134,6339134,6339134,6339124,6338134,6338134,6338244,6338244,6338314,6338354,6338324,6338354,6338294,6338219,6337832,6337642,6337641,6335965,6336039,6336089,6335997,6336014,6335666,6335664,6336599,6336663,6336795,6336655,6336655,6336655
Europe & Central Asia (all income levels),ECS,Land area (sq. km),AG.LND.TOTL.K2,,27358374,27358354,27358364,27358364,27358354,27358344,27358334,27358324,27358324,27358314,27358304,27358304,27358304,27358274,27358154,27358074,27358054,27358054,27358024,27357944,27357924,27357914,27357874,27357885,27357885,27357885,27357895,27357885,27356895,27356895,27357005,27357045,27353335,27348515,27345525,27345194,27414533,27417007,27423789,27448828,27447396,27446699,27446922,27447271,27447197,27442913,27442624,27441188,27442106,27442137,27442185,27438989,27438989,27438989
Ecuador,ECU,Land area (sq. km),AG.LND.TOTL.K2,,276840,276840,276840,276840,276840,276840,276840,276840,276840,276840,276840,276840,276840,276840,276840,276840,276840,276840,276840,276840,276840,276840,276840,276840,276840,276840,276840,276840,276840,276840,276840,276840,276840,276840,276840,276840,276840,248360,248360,248360,248360,248360,248360,248360,248360,248360,248360,248360,248360,248360,248360,248360,248360,248360
"Egypt, Arab Rep.",EGY,Land area (sq. km),AG.LND.TOTL.K2,,995450,995450,995450,995450,995450,995450,995450,995450,995450,995450,995450,995450,995450,995450,995450,995450,995450,995450,995450,995450,995450,995450,995450,995450,995450,995450,995450,995450,995450,995450,995450,995450,995450,995450,995450,995450,995450,995450,995450,995450,995450,995450,995450,995450,995450,995450,995450,995450,995450,995450,995450,995450,995450,995450
Euro area,EMU,Land area (sq. km),AG.LND.TOTL.K2,,2645742,2645742,2645742,2645742,2645742,2645742,2645742,2645742,2645742,2645742,2645742,2645742,2645742,2645712,2645592,2645532,2645502,2645492,2645502,2645432,2645422,2645422,2645392,2645402,2645402,2645402,2645402,2645402,2645402,2645402,2645402,2645402,2645392,2645382,2645372,2645362,2645322,2645292,2645252,2677652,2677122,2677602,2677762,2677682,2677542,2676912,2676972,2676428,2676431,2676412,2676378,2676342,2676342,2613668
Eritrea,ERI,Land area (sq. km),AG.LND.TOTL.K2,,101000,101000,101000,101000,101000,101000,101000,101000,101000,101000,101000,101000,101000,101000,101000,101000,101000,101000,101000,101000,101000,101000,101000,101000,101000,101000,101000,101000,101000,101000,101000,101000,101000,101000,101000,101000,101000,101000,101000,101000,101000,101000,101000,101000,101000,101000,101000,101000,101000,101000,101000,101000,101000,101000
Spain,ESP,Land area (sq. km),AG.LND.TOTL.K2,,499780,499780,499780,499780,499780,499780,499780,499780,499780,499780,499780,499780,499780,499750,499630,499570,499540,499530,499540,499470,499460,499460,499430,499440,499440,499440,499440,499440,499440,499440,499440,499440,499440,499440,499440,499440,499440,499440,499440,499000,498520,499040,499210,499180,499090,498980,499110,498800,498800,498800,498800,498800,498800,498800
Estonia,EST,Land area (sq. km),AG.LND.TOTL.K2,,42390,42390,42390,42390,42390,42390,42390,42390,42390,42390,42390,42390,42390,42390,42390,42390,42390,42390,42390,42390,42390,42390,42390,42390,42390,42390,42390,42390,42390,42390,42390,42390,42390,42390,42390,42390,42390,42390,42390,42390,42390,42390,42390,42390,42390,42390,42390,42390,42390,42390,42390,42390,42390,42390
Ethiopia,ETH,Land area (sq. km),AG.LND.TOTL.K2,,1101000,1101000,1101000,1101000,1101000,1101000,1101000,1101000,1101000,1101000,1101000,1101000,1101000,1101000,1101000,1101000,1101000,1101000,1101000,1101000,1101000,1101000,1101000,1101000,1101000,1101000,1101000,1101000,1101000,1101000,1101000,1101000,1000000,1000000,1000000,1000000,1000000,1000000,1000000,1000000,1000000,1000000,1000000,1000000,1000000,1000000,1000000,1000000,1000000,1000000,1000000,1000000,1000000,1000000
European Union,EUU,Land area (sq. km),AG.LND.TOTL.K2,,4210862,4210842,4210852,4210852,4210842,4210832,4210822,4210812,4210812,4210802,4210792,4210792,4210792,4210762,4210642,4210562,4210542,4210542,4210512,4210432,4210412,4210402,4210362,4210372,4210372,4210372,4210382,4210372,4209382,4209382,4209492,4209532,4209512,4209552,4209522,4209612,4209522,4209482,4209452,4241782,4241252,4240062,4240222,4240312,4240022,4239362,4239312,4238758,4239771,4239732,4239768,4236562,4236562,4236562
Fragile and conflict affected situations,FCS,Land area (sq. km),AG.LND.TOTL.K2,,14393728,14393728,14393728,14393728,14393728,14393728,14393728,14393728,14393728,14393728,14393728,14393728,14393728,14393328,14392928,14392928,14392928,14392928,14392928,14392928,14392928,14392928,14392928,14392928,14392928,14392928,14392928,14392928,14392928,14392928,14393808,14393808,14393808,14393808,14393808,14393808,14393808,14393808,14393808,14393808,14393808,14393808,14393618,14393478,14393418,14393588,14393648,14393438,14390378,14390328,14390613,14390613,14390613,14390613
Finland,FIN,Land area (sq. km),AG.LND.TOTL.K2,,304590,304590,304590,304590,304590,304590,304590,304590,304590,304590,304590,304590,304590,304590,304590,304590,304590,304590,304590,304590,304590,304590,304590,304590,304590,304590,304590,304590,304590,304590,304590,304590,304590,304590,304590,304590,304590,304590,304590,304590,304590,304590,304590,304590,304590,304110,304090,303900,303900,303900,303890,303890,303890,303890
Fiji,FJI,Land area (sq. km),AG.LND.TOTL.K2,,18270,18270,18270,18270,18270,18270,18270,18270,18270,18270,18270,18270,18270,18270,18270,18270,18270,18270,18270,18270,18270,18270,18270,18270,18270,18270,18270,18270,18270,18270,18270,18270,18270,18270,18270,18270,18270,18270,18270,18270,18270,18270,18270,18270,18270,18270,18270,18270,18270,18270,18270,18270,18270,18270
France,FRA,Land area (sq. km),AG.LND.TOTL.K2,,547566,547566,547566,547566,547566,547566,547566,547566,547566,547566,547566,547566,547566,547566,547566,547566,547566,547566,547566,547566,547566,547566,547566,547566,547566,547566,547566,547566,547566,547566,547566,547566,547566,547566,547566,547566,547566,547566,547566,547566,547566,547566,547566,547566,547556,547556,547556,547557,547557,547557,547557,547561,547561,547561
Faeroe Islands,FRO,Land area (sq. km),AG.LND.TOTL.K2,,1396,1396,1396,1396,1396,1396,1396,1396,1396,1396,1396,1396,1396,1396,1396,1396,1396,1396,1396,1396,1396,1396,1396,1396,1396,1396,1396,1396,1396,1396,1396,1396,1396,1396,1396,1396,1396,1396,1396,1396,1396,1396,1396,1396,1396,1396,1396,1396,1396,1396,1396,1396,1396,1396
"Micronesia, Fed. Sts.",FSM,Land area (sq. km),AG.LND.TOTL.K2,,,,,,,,,,,,,,,,,,,,,,,,,,,,,,,,700,700,700,700,700,700,700,700,700,700,700,700,700,700,700,700,700,700,700,700,700,700,700,700
Gabon,GAB,Land area (sq. km),AG.LND.TOTL.K2,,257670,257670,257670,257670,257670,257670,257670,257670,257670,257670,257670,257670,257670,257670,257670,257670,257670,257670,257670,257670,257670,257670,257670,257670,257670,257670,257670,257670,257670,257670,257670,257670,257670,257670,257670,257670,257670,257670,257670,257670,257670,257670,257670,257670,257670,257670,257670,257670,257670,257670,257670,257670,257670,257670
United Kingdom,GBR,Land area (sq. km),AG.LND.TOTL.K2,,241930,241930,241930,241930,241930,241930,241930,241930,241930,241930,241930,241930,241930,241930,241930,241930,241930,241930,241930,241930,241930,241930,241930,241930,241930,241930,241930,241930,241930,241930,241930,241930,241930,241930,241930,241930,241930,241930,241930,241930,241930,241930,241930,241930,241930,241930,241930,241930,241930,241930,241930,241930,241930,241930
Georgia,GEO,Land area (sq. km),AG.LND.TOTL.K2,,69490,69490,69490,69490,69490,69490,69490,69490,69490,69490,69490,69490,69490,69490,69490,69490,69490,69490,69490,69490,69490,69490,69490,69490,69490,69490,69490,69490,69490,69490,69490,69490,69490,69490,69490,69490,69490,69490,69490,69490,69490,69490,69490,69490,69490,69490,69490,69490,69490,69490,69490,69490,69490,69490
Ghana,GHA,Land area (sq. km),AG.LND.TOTL.K2,,227540,227540,227540,227540,227540,227540,227540,227540,227540,227540,227540,227540,227540,227540,227540,227540,227540,227540,227540,227540,227540,227540,227540,227540,227540,227540,227540,227540,227540,227540,227540,227540,227540,227540,227540,227540,227540,227540,227540,227540,227540,227540,227540,227540,227540,227540,227540,227540,227540,227540,227540,227540,227540,227540
Guinea,GIN,Land area (sq. km),AG.LND.TOTL.K2,,245720,245720,245720,245720,245720,245720,245720,245720,245720,245720,245720,245720,245720,245720,245720,245720,245720,245720,245720,245720,245720,245720,245720,245720,245720,245720,245720,245720,245720,245720,245720,245720,245720,245720,245720,245720,245720,245720,245720,245720,245720,245720,245720,245720,245720,245720,245720,245720,245720,245720,245720,245720,245720,245720
"Gambia, The",GMB,Land area (sq. km),AG.LND.TOTL.K2,,10120,10120,10120,10120,10120,10120,10120,10120,10120,10120,10120,10120,10120,10120,10120,10120,10120,10120,10120,10120,10120,10120,10120,10120,10120,10120,10120,10120,10120,10120,10120,10120,10120,10120,10120,10120,10120,10120,10120,10120,10120,10120,10120,10120,10120,10120,10120,10120,10120,10120,10120,10120,10120,10120
Guinea-Bissau,GNB,Land area (sq. km),AG.LND.TOTL.K2,,28120,28120,28120,28120,28120,28120,28120,28120,28120,28120,28120,28120,28120,28120,28120,28120,28120,28120,28120,28120,28120,28120,28120,28120,28120,28120,28120,28120,28120,28120,28120,28120,28120,28120,28120,28120,28120,28120,28120,28120,28120,28120,28120,28120,28120,28120,28120,28120,28120,28120,28120,28120,28120,28120
Equatorial Guinea,GNQ,Land area (sq. km),AG.LND.TOTL.K2,,28050,28050,28050,28050,28050,28050,28050,28050,28050,28050,28050,28050,28050,28050,28050,28050,28050,28050,28050,28050,28050,28050,28050,28050,28050,28050,28050,28050,28050,28050,28050,28050,28050,28050,28050,28050,28050,28050,28050,28050,28050,28050,28050,28050,28050,28050,28050,28050,28050,28050,28050,28050,28050,28050
Greece,GRC,Land area (sq. km),AG.LND.TOTL.K2,,128900,128900,128900,128900,128900,128900,128900,128900,128900,128900,128900,128900,128900,128900,128900,128900,128900,128900,128900,128900,128900,128900,128900,128900,128900,128900,128900,128900,128900,128900,128900,128900,128900,128900,128900,128900,128900,128900,128900,128900,128900,128900,128900,128900,128900,128900,128900,128900,128900,128900,128900,128900,128900,128900
Grenada,GRD,Land area (sq. km),AG.LND.TOTL.K2,,340,340,340,340,340,340,340,340,340,340,340,340,340,340,340,340,340,340,340,340,340,340,340,340,340,340,340,340,340,340,340,340,340,340,340,340,340,340,340,340,340,340,340,340,340,340,340,340,340,340,340,340,340,340
Greenland,GRL,Land area (sq. km),AG.LND.TOTL.K2,,341700,341700,341700,341700,341700,341700,341700,341700,341700,341700,341700,341700,341700,341700,341700,341700,341700,341700,341700,341700,341700,341700,341700,341700,341700,341700,341700,341700,341700,341700,341700,341700,341700,341700,341700,341700,410450,410450,410450,410450,410450,410450,410450,410450,410450,410450,410450,410450,410450,410450,410450,410450,410450,410450
Guatemala,GTM,Land area (sq. km),AG.LND.TOTL.K2,,107160,107160,107160,107160,107160,107160,107160,107160,107160,107160,107160,107160,107160,107160,107160,107160,107160,107160,107160,107160,107160,107160,107160,107160,107160,107160,107160,107160,107160,107160,107160,107160,107160,107160,107160,107160,107160,107160,107160,107160,107160,107160,107160,107160,107160,107160,107160,107160,107160,107160,107160,107160,107160,107160
Guam,GUM,Land area (sq. km),AG.LND.TOTL.K2,,540,540,540,540,540,540,540,540,540,540,540,540,540,540,540,540,540,540,540,540,540,540,540,540,540,540,540,540,540,540,540,540,540,540,540,540,540,540,540,540,540,540,540,540,540,540,540,540,540,540,540,540,540,540
Guyana,GUY,Land area (sq. km),AG.LND.TOTL.K2,,196710,196710,196710,196710,196710,196710,196710,196710,196710,196710,196710,196710,196710,196710,196850,196850,196850,196850,196850,196850,196850,196850,196850,196850,196850,196850,196850,196850,196850,196850,196850,196850,196850,196850,196850,196850,196850,196850,196850,196850,196850,196850,196850,196850,196850,196850,196850,196850,196850,196850,196850,196850,196850,196850
High income,HIC,Land area (sq. km),AG.LND.TOTL.K2,,51314194.4,51314194.4,51314194.4,51314194.4,51314194.4,51314194.4,51314194.4,51314194.4,51314194.4,51314194.4,51314194.4,51314094.4,51314094.4,51314064.4,51313834.4,51313774.4,51313634.4,51313624.4,51313644.4,51313384.4,51313474.4,51313264.4,51313234.4,51311745.4,51311645.4,51311745.4,51311655.4,51311655.4,51311655.4,51311655.4,51312115.4,51312175.4,51308395.4,51303535.4,51300635.4,51300174.4,51369573.4,51372122.4,51379291.4,51407480.4,51406335.4,51407370.4,51407551.4,51407883.4,51407941.4,51403676,51403786.6,51387977.6,51388030.9,51388178.1,51388099.3,51385168.3,51385168.3,51385168.3
"Hong Kong SAR, China",HKG,Land area (sq. km),AG.LND.TOTL.K2,,1020,1020,1020,1020,1020,1020,1020,1020,1020,1020,1020,1020,1020,1020,1010,1010,1000,1000,1000,1000,1000,990,990,990,990,990,990,990,990,990,990,990,990,990,1050,1050,1050,1050,1050,1050,1050,1050,1050,1050,1050,1050,1050,1050,1050,1050,1050,1050,1050,1050
Honduras,HND,Land area (sq. km),AG.LND.TOTL.K2,,111890,111890,111890,111890,111890,111890,111890,111890,111890,111890,111890,111890,111890,111890,111890,111890,111890,111890,111890,111890,111890,111890,111890,111890,111890,111890,111890,111890,111890,111890,111890,111890,111890,111890,111890,111890,111890,111890,111890,111890,111890,111890,111890,111890,111890,111890,111890,111890,111890,111890,111890,111890,111890,111890
Heavily indebted poor countries (HIPC),HPC,Land area (sq. km),AG.LND.TOTL.K2,,19855481,19855481,19855481,19855481,19855481,19855481,19855481,19855481,19855481,19855481,19855481,19855481,19855481,19855081,19854821,19854821,19854821,19854821,19854821,19854821,19854821,19854821,19854821,19854821,19854821,19854821,19854821,19854821,19854821,19854821,19854821,19854821,19753821,19753821,19753821,19753821,19753821,19753821,19753821,19753821,19753821,19753821,19753821,19753821,19753821,19753821,19753821,19753821,19753821,19753821,19754076,19754076,19754076,19754076
Croatia,HRV,Land area (sq. km),AG.LND.TOTL.K2,,55910,55910,55910,55910,55910,55910,55910,55910,55910,55910,55910,55910,55910,55910,55910,55910,55910,55910,55910,55910,55910,55910,55910,55910,55910,55910,55910,55910,55910,55910,55910,55910,55910,55910,55910,55980,55980,55910,55910,55910,55910,55910,55910,55960,55960,55960,55960,55960,55960,55960,55960,55960,55960,55960
Haiti,HTI,Land area (sq. km),AG.LND.TOTL.K2,,27560,27560,27560,27560,27560,27560,27560,27560,27560,27560,27560,27560,27560,27560,27560,27560,27560,27560,27560,27560,27560,27560,27560,27560,27560,27560,27560,27560,27560,27560,27560,27560,27560,27560,27560,27560,27560,27560,27560,27560,27560,27560,27560,27560,27560,27560,27560,27560,27560,27560,27560,27560,27560,27560
Hungary,HUN,Land area (sq. km),AG.LND.TOTL.K2,,90040,90020,90030,90030,90020,90010,90000,89990,89990,89980,89970,89970,89970,89970,89970,89950,89960,89970,89920,89910,89900,89890,89880,89880,89880,89880,89880,89870,89870,89870,89870,89870,89860,89860,89860,89860,89800,89800,89800,89620,89620,89620,89620,89620,89610,89610,89610,89610,90530,90530,90530,90530,90530,90530
Indonesia,IDN,Land area (sq. km),AG.LND.TOTL.K2,,1811570,1811570,1811570,1811570,1811570,1811570,1811570,1811570,1811570,1811570,1811570,1811570,1811570,1811570,1811570,1811570,1811570,1811570,1811570,1811570,1811570,1811570,1811570,1811570,1811570,1811570,1811570,1811570,1811570,1811570,1811570,1811570,1811570,1811570,1811570,1811570,1811570,1811570,1811570,1811570,1811570,1811570,1811570,1811570,1811570,1811570,1811570,1811570,1811570,1811570,1811570,1811570,1811570,1811570
Isle of Man,IMN,Land area (sq. km),AG.LND.TOTL.K2,,570,570,570,570,570,570,570,570,570,570,570,570,570,570,570,570,570,570,570,570,570,570,570,570,570,570,570,570,570,570,570,570,570,570,570,570,570,570,570,570,570,570,570,570,570,570,570,570,570,570,570,570,570,570
India,IND,Land area (sq. km),AG.LND.TOTL.K2,,2973190,2973190,2973190,2973190,2973190,2973190,2973190,2973190,2973190,2973190,2973190,2973190,2973190,2973190,2973190,2973190,2973190,2973190,2973190,2973190,2973190,2973190,2973190,2973190,2973190,2973190,2973190,2973190,2973190,2973190,2973190,2973190,2973190,2973190,2973190,2973190,2973190,2973190,2973190,2973190,2973190,2973190,2973190,2973190,2973190,2973190,2973190,2973190,2973190,2973190,2973190,2973190,2973190,2973190
Not classified,INX,Land area (sq. km),AG.LND.TOTL.K2,,,,,,,,,,,,,,,,,,,,,,,,,,,,,,,,,,,,,,,,,,,,,,,,,,,,,,,
Ireland,IRL,Land area (sq. km),AG.LND.TOTL.K2,,68890,68890,68890,68890,68890,68890,68890,68890,68890,68890,68890,68890,68890,68890,68890,68890,68890,68890,68890,68890,68890,68890,68890,68890,68890,68890,68890,68890,68890,68890,68890,68890,68890,68890,68890,68890,68890,68890,68890,68890,68890,68890,68890,68890,68890,68890,68890,68890,68890,68890,68890,68890,68890,68890
"Iran, Islamic Rep.",IRN,Land area (sq. km),AG.LND.TOTL.K2,,1628550,1628550,1628550,1628550,1628550,1628550,1628550,1628550,1628550,1628550,1628550,1628550,1628550,1628550,1628550,1628550,1628550,1628550,1628550,1628550,1628550,1628550,1628550,1628550,1628550,1628550,1628550,1628550,1628550,1628550,1628550,1628550,1628550,1628550,1628550,1628550,1628550,1628550,1628550,1628550,1628550,1628550,1628550,1628550,1628550,1628550,1628550,1628550,1628550,1628550,1628550,1628550,1628550,1628550
Iraq,IRQ,Land area (sq. km),AG.LND.TOTL.K2,,437370,437370,437370,437370,437370,437370,437370,437370,437370,437370,437370,437370,437370,437370,437370,437370,437370,437370,437370,437370,437370,437370,437370,437370,437370,437370,437370,437370,437370,437370,437370,437370,437370,437370,437370,437370,437370,437370,437370,437370,437370,437370,437370,437370,437370,437370,437370,437370,434320,434320,434320,434320,434320,434320
Iceland,ISL,Land area (sq. km),AG.LND.TOTL.K2,,100250,100250,100250,100250,100250,100250,100250,100250,100250,100250,100250,100250,100250,100250,100250,100250,100250,100250,100250,100250,100250,100250,100250,100250,100250,100250,100250,100250,100250,100250,100250,100250,100250,100250,100250,100250,100250,100250,100250,100250,100250,100250,100250,100250,100250,100250,100250,100250,100250,100250,100250,100250,100250,100250
Israel,ISR,Land area (sq. km),AG.LND.TOTL.K2,,21640,21640,21640,21640,21640,21640,21640,21640,21640,21640,21640,21640,21640,21640,21640,21640,21640,21640,21640,21640,21640,21640,21640,21640,21640,21640,21640,21640,21640,21640,21640,21640,21640,21640,21640,21640,21640,21640,21640,21640,21640,21640,21640,21640,21640,21640,21640,21640,21640,21640,21640,21640,21640,21640
Italy,ITA,Land area (sq. km),AG.LND.TOTL.K2,,294110,294110,294110,294110,294110,294110,294110,294110,294110,294110,294110,294110,294110,294110,294110,294110,294110,294110,294110,294110,294110,294110,294110,294110,294110,294110,294110,294110,294110,294110,294110,294110,294110,294110,294110,294110,294110,294110,294110,294110,294110,294110,294140,294140,294140,294140,294140,294140,294140,294140,294140,294140,294140,294140
Jamaica,JAM,Land area (sq. km),AG.LND.TOTL.K2,,10830,10830,10830,10830,10830,10830,10830,10830,10830,10830,10830,10830,10830,10830,10830,10830,10830,10830,10830,10830,10830,10830,10830,10830,10830,10830,10830,10830,10830,10830,10830,10830,10830,10830,10830,10830,10830,10830,10830,10830,10830,10830,10830,10830,10830,10830,10830,10830,10830,10830,10830,10830,10830,10830
Jordan,JOR,Land area (sq. km),AG.LND.TOTL.K2,,88240,88240,88240,88240,88240,88240,88240,88240,88240,88240,88240,88240,88240,88240,88240,88240,88240,88240,88240,88240,88240,88240,88240,88240,88240,88240,88240,88240,88240,88240,88240,88240,88240,88240,88240,88240,88240,88240,88240,88240,88240,88240,88240,88240,88240,88240,88240,88240,88780,88780,88780,88780,88780,88780
Japan,JPN,Land area (sq. km),AG.LND.TOTL.K2,,366700,366700,366700,366700,366700,366700,366700,366700,366700,366700,366700,366600,366600,366600,366500,366500,366400,366400,366400,366300,366400,366200,366200,364700,364600,364700,364600,364600,364600,364600,364600,364600,364600,364600,364600,364500,364500,364500,364500,364500,364500,364500,364500,364500,364500,364500,364500,364500,364500,364550,364555,364560,364560,364560
Kazakhstan,KAZ,Land area (sq. km),AG.LND.TOTL.K2,,2699700,2699700,2699700,2699700,2699700,2699700,2699700,2699700,2699700,2699700,2699700,2699700,2699700,2699700,2699700,2699700,2699700,2699700,2699700,2699700,2699700,2699700,2699700,2699700,2699700,2699700,2699700,2699700,2699700,2699700,2699700,2699700,2699700,2699700,2699700,2699700,2699700,2699700,2699700,2699700,2699700,2699700,2699700,2699700,2699700,2699700,2699700,2699700,2699700,2699700,2699700,2699700,2699700,2699700
Kenya,KEN,Land area (sq. km),AG.LND.TOTL.K2,,569140,569140,569140,569140,569140,569140,569140,569140,569140,569140,569140,569140,569140,569140,569140,569140,569140,569140,569140,569140,569140,569140,569140,569140,569140,569140,569140,569140,569140,569140,569140,569140,569140,569140,569140,569140,569140,569140,569140,569140,569140,569140,569140,569140,569140,569140,569140,569140,569140,569140,569140,569140,569140,569140
Kyrgyz Republic,KGZ,Land area (sq. km),AG.LND.TOTL.K2,,191800,191800,191800,191800,191800,191800,191800,191800,191800,191800,191800,191800,191800,191800,191800,191800,191800,191800,191800,191800,191800,191800,191800,191800,191800,191800,191800,191800,191800,191800,191800,191800,191800,191800,191800,191800,191800,191800,191800,191800,191800,191800,191800,191800,191800,191800,191800,191800,191800,191800,191800,191800,191800,191800
Cambodia,KHM,Land area (sq. km),AG.LND.TOTL.K2,,176520,176520,176520,176520,176520,176520,176520,176520,176520,176520,176520,176520,176520,176520,176520,176520,176520,176520,176520,176520,176520,176520,176520,176520,176520,176520,176520,176520,176520,176520,176520,176520,176520,176520,176520,176520,176520,176520,176520,176520,176520,176520,176520,176520,176520,176520,176520,176520,176520,176520,176520,176520,176520,176520
Kiribati,KIR,Land area (sq. km),AG.LND.TOTL.K2,,810,810,810,810,810,810,810,810,810,810,810,810,810,810,810,810,810,810,810,810,810,810,810,810,810,810,810,810,810,810,810,810,810,810,810,810,810,810,810,810,810,810,810,810,810,810,810,810,810,810,810,810,810,810
St. Kitts and Nevis,KNA,Land area (sq. km),AG.LND.TOTL.K2,,350,350,350,350,350,350,350,350,350,350,350,350,350,350,350,350,350,350,350,260,260,260,260,260,260,260,260,260,260,260,260,260,260,260,260,260,260,260,260,260,260,260,260,260,260,260,260,260,260,260,260,260,260,260
"Korea, Rep.",KOR,Land area (sq. km),AG.LND.TOTL.K2,,96460,96460,96460,96460,96460,96460,96460,96460,96460,96460,96460,96460,96460,96460,96460,96460,96460,96460,96460,96460,96460,96460,96460,96460,96460,96460,96460,96460,96460,96460,96460,96460,96460,96460,96460,96460,96460,96460,96460,96460,96740,96790,96800,96820,96850,96880,96920,97030,97100,97230,97230,97350,97350,97350
Kosovo,,Land area (sq. km),AG.LND.TOTL.K2,,10887,10887,10887,10887,10887,10887,10887,10887,10887,10887,10887,10887,10887,10887,10887,10887,10887,10887,10887,10887,10887,10887,10887,10887,10887,10887,10887,10887,10887,10887,10887,10887,10887,10887,10887,10887,10887,10887,10887,10887,10887,10887,10887,10887,10887,10887,10887,10887,10887,10887,10887,10887,10887,10887
Kuwait,KWT,Land area (sq. km),AG.LND.TOTL.K2,,17820,17820,17820,17820,17820,17820,17820,17820,17820,17820,17820,17820,17820,17820,17820,17820,17820,17820,17820,17820,17820,17820,17820,17820,17820,17820,17820,17820,17820,17820,17820,17820,17820,17820,17820,17820,17820,17820,17820,17820,17820,17820,17820,17820,17820,17820,17820,17820,17820,17820,17820,17820,17820,17820
Latin America & Caribbean (developing only),LAC,Land area (sq. km),AG.LND.TOTL.K2,,19125130,19125130,19125130,19125130,19125130,19125130,19125130,19125130,19125130,19125130,19125130,19125130,19125130,19125130,19125270,19125140,19125140,19125140,19125140,19125140,19125140,19125140,19125140,19125140,19125140,19125140,19125140,19125140,19125140,19125140,19125140,19125140,19125140,19125140,19125140,19125140,19125140,19096660,19096660,19096660,19096660,19095650,19095660,19095670,19095700,19095690,19095700,19095700,19095700,19095700,19095700,19095700,19095700,19095700
Lao PDR,LAO,Land area (sq. km),AG.LND.TOTL.K2,,230800,230800,230800,230800,230800,230800,230800,230800,230800,230800,230800,230800,230800,230800,230800,230800,230800,230800,230800,230800,230800,230800,230800,230800,230800,230800,230800,230800,230800,230800,230800,230800,230800,230800,230800,230800,230800,230800,230800,230800,230800,230800,230800,230800,230800,230800,230800,230800,230800,230800,230800,230800,230800,230800
Lebanon,LBN,Land area (sq. km),AG.LND.TOTL.K2,,10230,10230,10230,10230,10230,10230,10230,10230,10230,10230,10230,10230,10230,10230,10230,10230,10230,10230,10230,10230,10230,10230,10230,10230,10230,10230,10230,10230,10230,10230,10230,10230,10230,10230,10230,10230,10230,10230,10230,10230,10230,10230,10230,10230,10230,10230,10230,10230,10230,10230,10230,10230,10230,10230
Liberia,LBR,Land area (sq. km),AG.LND.TOTL.K2,,96320,96320,96320,96320,96320,96320,96320,96320,96320,96320,96320,96320,96320,96320,96320,96320,96320,96320,96320,96320,96320,96320,96320,96320,96320,96320,96320,96320,96320,96320,96320,96320,96320,96320,96320,96320,96320,96320,96320,96320,96320,96320,96320,96320,96320,96320,96320,96320,96320,96320,96320,96320,96320,96320
Libya,LBY,Land area (sq. km),AG.LND.TOTL.K2,,1759540,1759540,1759540,1759540,1759540,1759540,1759540,1759540,1759540,1759540,1759540,1759540,1759540,1759540,1759540,1759540,1759540,1759540,1759540,1759540,1759540,1759540,1759540,1759540,1759540,1759540,1759540,1759540,1759540,1759540,1759540,1759540,1759540,1759540,1759540,1759540,1759540,1759540,1759540,1759540,1759540,1759540,1759540,1759540,1759540,1759540,1759540,1759540,1759540,1759540,1759540,1759540,1759540,1759540
St. Lucia,LCA,Land area (sq. km),AG.LND.TOTL.K2,,610,610,610,610,610,610,610,610,610,610,610,610,610,610,610,610,610,610,610,610,610,610,610,610,610,610,610,610,610,610,610,610,610,610,610,610,610,610,610,610,610,610,610,610,610,610,610,610,610,610,610,610,610,610
Latin America & Caribbean (all income levels),LCN,Land area (sq. km),AG.LND.TOTL.K2,,20071164.4,20071164.4,20071164.4,20071164.4,20071164.4,20071164.4,20071164.4,20071164.4,20071164.4,20071164.4,20071164.4,20071164.4,20071164.4,20071164.4,20071304.4,20071174.4,20071174.4,20071174.4,20071174.4,20071084.4,20071084.4,20071084.4,20071084.4,20071084.4,20071084.4,20071084.4,20071084.4,20071084.4,20071084.4,20071084.4,20071084.4,20071084.4,20071084.4,20071084.4,20071084.4,20071084.4,20071084.4,20042604.4,20042604.4,20042604.4,20042604.4,20041594.4,20041604.4,20041614.4,20041644.4,20041634.4,20041644.4,20041644.4,20041644.4,20041644.4,20041644.4,20041644.4,20041644.4,20041644.4
Least developed countries: UN classification,LDC,Land area (sq. km),AG.LND.TOTL.K2,,20276394,20276394,20276394,20276394,20276394,20276394,20276394,20276394,20276394,20276394,20276394,20276394,20276394,20275994,20275594,20275594,20275594,20275594,20275594,20275594,20275594,20275594,20275594,20275594,20275594,20275594,20275594,20275594,20275594,20275594,20275594,20275594,20174594,20167671,20167671,20167671,20167671,20167671,20167671,20168021,20168021,20168021,20168021,20166218,20166158,20166268,20166318,20166108,20166098,20166058,20166343,20166343,20166343,20166343
Low income,LIC,Land area (sq. km),AG.LND.TOTL.K2,,14959501,14959501,14959501,14959501,14959501,14959501,14959501,14959501,14959501,14959501,14959501,14959501,14959501,14959101,14958701,14958701,14958701,14958701,14958701,14958701,14958701,14958701,14958701,14958701,14958701,14958701,14958701,14958701,14958701,14958701,14958701,14958701,14857701,14857701,14857701,14857701,14857701,14857701,14857701,14858051,14858051,14858051,14858051,14857931,14857871,14857981,14858031,14857821,14857811,14857771,14858056,14858056,14858056,14858056
Liechtenstein,LIE,Land area (sq. km),AG.LND.TOTL.K2,,160,160,160,160,160,160,160,160,160,160,160,160,160,160,160,160,160,160,160,160,160,160,160,160,160,160,160,160,160,160,160,160,160,160,160,160,160,160,160,160,160,160,160,160,160,160,160,160,160,160,160,160,160,160
Sri Lanka,LKA,Land area (sq. km),AG.LND.TOTL.K2,,62710,62710,62710,62710,62710,62710,62710,62710,62710,62710,62710,62710,62710,62710,62710,62710,62710,62710,62710,62710,62710,62710,62710,62710,62710,62710,62710,62710,62710,62710,62710,62710,62710,62710,62710,62710,62710,62710,62710,62710,62710,62710,62710,62710,62710,62710,62710,62710,62710,62710,62710,62710,62710,62710
Lower middle income,LMC,Land area (sq. km),AG.LND.TOTL.K2,,20808980,20808980,20808980,20808980,20808980,20808980,20808980,20808980,20808980,20808980,20808980,20808980,20808910,20808870,20808990,20808860,20808860,20808860,20808860,20808860,20808860,20808860,20808860,20808860,20808860,20808860,20808860,20808860,20808860,20808860,20809560,20809560,20809640,20802707,20802697,20802697,20802687,20802677,20802667,20788217,20788247,20787697,20787017,20785324,20785374,20785414,20785394,20785384,20785384,20785334,20785334,20785344,20785344,20785344
Low & middle income,LMY,Land area (sq. km),AG.LND.TOTL.K2,,78507778,78507758,78507768,78507768,78507758,78507748,78507738,78507728,78507728,78507718,78507708,78507708,78507638,78507198,78506918,78506768,78506778,78506788,78506738,78506728,78506718,78506708,78506698,78506698,78506698,78506698,78506698,78506688,78505698,78505698,78507148,78507148,78406218,78399335,78399295,78399315,78399255,78370700,78370313,78356033,78356056.2,78352829.2,78352242.7,78350479.5,78350356.8,78350533.4,78350254.8,78350042.8,78348458,78348472,78348889,78348749,78348749,78348749
Lesotho,LSO,Land area (sq. km),AG.LND.TOTL.K2,,30360,30360,30360,30360,30360,30360,30360,30360,30360,30360,30360,30360,30360,30360,30360,30360,30360,30360,30360,30360,30360,30360,30360,30360,30360,30360,30360,30360,30360,30360,30360,30360,30360,30360,30360,30360,30360,30360,30360,30360,30360,30360,30360,30360,30360,30360,30360,30360,30360,30360,30360,30360,30360,30360
Lithuania,LTU,Land area (sq. km),AG.LND.TOTL.K2,,62680,62680,62680,62680,62680,62680,62680,62680,62680,62680,62680,62680,62680,62680,62680,62680,62680,62680,62680,62680,62680,62680,62680,62680,62680,62680,62680,62680,62680,62680,62680,62680,62680,62680,62680,62680,62680,62680,62680,62680,62680,62680,62680,62680,62680,62680,62680,62675,62675,62675,62674,62674,62674,62674
Luxembourg,LUX,Land area (sq. km),AG.LND.TOTL.K2,,,,,,,,,,,,,,,,,,,,,,,,,,,,,,,,,,,,,,,,,2590,2590,2590,2590,2590,2590,2590,2590,2590,2590,2590,2590,2590,2590,2590
Latvia,LVA,Land area (sq. km),AG.LND.TOTL.K2,,62196,62196,62196,62196,62196,62196,62196,62196,62196,62196,62196,62196,62196,62196,62196,62196,62196,62196,62196,62196,62196,62196,62196,62196,62196,62196,62196,62196,62196,62196,62196,62196,62196,62196,62196,62196,62196,62196,62196,62196,62196,62196,62196,62196,62196,62196,62196,62196,62180,62240,62200,62180,62180,62180
"Macao SAR, China",MAC,Land area (sq. km),AG.LND.TOTL.K2,,20,20,20,20,20,20,20,20,20,20,20,20,20,20,20,20,20,20,20,20,20,20,20,20,20,20,20,20,20,20,20,20,20,20,20,20,20,20,20,20,26,27,27,28,28,28.6,29.2,29.2,29.5,29.7,29.9,29.9,29.9,29.9
St. Martin (French part),MAF,Land area (sq. km),AG.LND.TOTL.K2,,54.4,54.4,54.4,54.4,54.4,54.4,54.4,54.4,54.4,54.4,54.4,54.4,54.4,54.4,54.4,54.4,54.4,54.4,54.4,54.4,54.4,54.4,54.4,54.4,54.4,54.4,54.4,54.4,54.4,54.4,54.4,54.4,54.4,54.4,54.4,54.4,54.4,54.4,54.4,54.4,54.4,54.4,54.4,54.4,54.4,54.4,54.4,54.4,54.4,54.4,54.4,54.4,54.4,54.4
Morocco,MAR,Land area (sq. km),AG.LND.TOTL.K2,,446340,446340,446340,446340,446340,446340,446340,446340,446340,446340,446340,446340,446300,446300,446300,446300,446300,446300,446300,446300,446300,446300,446300,446300,446300,446300,446300,446300,446300,446300,446300,446300,446300,446300,446300,446300,446300,446300,446300,446300,446300,446300,446300,446300,446300,446300,446300,446300,446300,446300,446300,446300,446300,446300
Monaco,MCO,Land area (sq. km),AG.LND.TOTL.K2,,2,2,2,2,2,2,2,2,2,2,2,2,2,2,2,2,2,2,2,2,2,2,2,2,2,2,2,2,2,2,2,2,2,2,2,2,2,2,2,2,2,2,2,2,2,2,2,2,2,2,2,2,2,2
Moldova,MDA,Land area (sq. km),AG.LND.TOTL.K2,,32870,32870,32870,32870,32870,32870,32870,32870,32870,32870,32870,32870,32870,32870,32870,32870,32870,32870,32870,32870,32870,32870,32870,32870,32870,32870,32870,32870,32870,32870,32870,32870,32950,32940,32930,32930,32920,32910,32900,32880,32880,32880,32870,32880,32890,32890,32890,32890,32890,32850,32850,32860,32860,32860
Madagascar,MDG,Land area (sq. km),AG.LND.TOTL.K2,,581540,581540,581540,581540,581540,581540,581540,581540,581540,581540,581540,581540,581540,581540,581540,581540,581540,581540,581540,581540,581540,581540,581540,581540,581540,581540,581540,581540,581540,581540,581540,581540,581540,581540,581540,581540,581540,581540,581540,581540,581540,581540,581540,581540,581540,581540,581540,581540,581540,581540,581795,581795,581795,581795
Maldives,MDV,Land area (sq. km),AG.LND.TOTL.K2,,300,300,300,300,300,300,300,300,300,300,300,300,300,300,300,300,300,300,300,300,300,300,300,300,300,300,300,300,300,300,300,300,300,300,300,300,300,300,300,300,300,300,300,300,300,300,300,300,300,300,300,300,300,300
Middle East & North Africa (all income levels),MEA,Land area (sq. km),AG.LND.TOTL.K2,,11238640,11238640,11238640,11238640,11238640,11238640,11238640,11238640,11238640,11238640,11238640,11238640,11238600,11238600,11238600,11238600,11238600,11238600,11238600,11238600,11238600,11238600,11238600,11238600,11238600,11238600,11238600,11238600,11238600,11238600,11238600,11238620,11238620,11238620,11238620,11238620,11238620,11238620,11238620,11238620,11238620,11238620,11238440,11238430,11238440,11238500,11238520,11238530,11236020,11236010,11236010,11236010,11236010,11236010
Mexico,MEX,Land area (sq. km),AG.LND.TOTL.K2,,1943950,1943950,1943950,1943950,1943950,1943950,1943950,1943950,1943950,1943950,1943950,1943950,1943950,1943950,1943950,1943950,1943950,1943950,1943950,1943950,1943950,1943950,1943950,1943950,1943950,1943950,1943950,1943950,1943950,1943950,1943950,1943950,1943950,1943950,1943950,1943950,1943950,1943950,1943950,1943950,1943950,1943950,1943950,1943950,1943950,1943950,1943950,1943950,1943950,1943950,1943950,1943950,1943950,1943950
Marshall Islands,MHL,Land area (sq. km),AG.LND.TOTL.K2,,,,,,,,,,,,,,,,,,,,,,,,,,,,,,,,180,180,180,180,180,180,180,180,180,180,180,180,180,180,180,180,180,180,180,180,180,180,180,180
Middle income,MIC,Land area (sq. km),AG.LND.TOTL.K2,,63548277,63548257,63548267,63548267,63548257,63548247,63548237,63548227,63548227,63548217,63548207,63548207,63548137,63548097,63548217,63548067,63548077,63548087,63548037,63548027,63548017,63548007,63547997,63547997,63547997,63547997,63547997,63547987,63546997,63546997,63548447,63548447,63548517,63541634,63541594,63541614,63541554,63512999,63512612,63497982,63498005.2,63494778.2,63494191.7,63492548.5,63492485.8,63492552.4,63492223.8,63492221.8,63490647,63490701,63490833,63490693,63490693,63490693
"Macedonia, FYR",MKD,Land area (sq. km),AG.LND.TOTL.K2,,25430,25430,25430,25430,25430,25430,25430,25430,25430,25430,25430,25430,25430,25430,25430,25430,25430,25430,25430,25430,25430,25430,25430,25430,25430,25430,25430,25430,25430,25430,25430,25430,25430,25430,25430,25430,25430,25430,25430,25430,25430,25430,25430,25430,25430,25430,25230,25230,25220,25220,25220,25220,25220,25220
Mali,MLI,Land area (sq. km),AG.LND.TOTL.K2,,1220190,1220190,1220190,1220190,1220190,1220190,1220190,1220190,1220190,1220190,1220190,1220190,1220190,1220190,1220190,1220190,1220190,1220190,1220190,1220190,1220190,1220190,1220190,1220190,1220190,1220190,1220190,1220190,1220190,1220190,1220190,1220190,1220190,1220190,1220190,1220190,1220190,1220190,1220190,1220190,1220190,1220190,1220190,1220190,1220190,1220190,1220190,1220190,1220190,1220190,1220190,1220190,1220190,1220190
Malta,MLT,Land area (sq. km),AG.LND.TOTL.K2,,320,320,320,320,320,320,320,320,320,320,320,320,320,320,320,320,320,320,320,320,320,320,320,320,320,320,320,320,320,320,320,320,320,320,320,320,320,320,320,320,320,320,320,320,320,320,320,320,320,320,320,320,320,320
Myanmar,MMR,Land area (sq. km),AG.LND.TOTL.K2,,653540,653540,653540,653540,653540,653540,653540,653540,653540,653540,653540,653540,653540,653540,653540,653540,653540,653540,653540,653540,653540,653540,653540,653540,653540,653540,653540,653540,653540,653540,653540,653540,653540,653540,653540,653540,653540,653540,653540,653540,653540,653540,653540,653420,653360,653470,653520,653310,653300,653260,653290,653290,653290,653290
Middle East & North Africa (developing only),MNA,Land area (sq. km),AG.LND.TOTL.K2,,8643770,8643770,8643770,8643770,8643770,8643770,8643770,8643770,8643770,8643770,8643770,8643770,8643730,8643730,8643730,8643730,8643730,8643730,8643730,8643730,8643730,8643730,8643730,8643730,8643730,8643730,8643730,8643730,8643730,8643730,8643730,8643730,8643730,8643730,8643730,8643730,8643730,8643730,8643730,8643730,8643730,8643730,8643540,8643520,8643520,8643580,8643590,8643590,8641080,8641070,8641070,8641070,8641070,8641070
Montenegro,MNE,Land area (sq. km),AG.LND.TOTL.K2,,13450,13450,13450,13450,13450,13450,13450,13450,13450,13450,13450,13450,13450,13450,13450,13450,13450,13450,13450,13450,13450,13450,13450,13450,13450,13450,13450,13450,13450,13450,13450,13450,13450,13450,13450,13450,13450,13450,13450,13450,13450,13450,13450,13450,13450,13450,13450,13450,13450,13450,13450,13450,13450,13450
Mongolia,MNG,Land area (sq. km),AG.LND.TOTL.K2,,1553560,1553560,1553560,1553560,1553560,1553560,1553560,1553560,1553560,1553560,1553560,1553560,1553560,1553560,1553560,1553560,1553560,1553560,1553560,1553560,1553560,1553560,1553560,1553560,1553560,1553560,1553560,1553560,1553560,1553560,1553560,1553560,1553560,1553560,1553560,1553560,1553560,1553560,1553560,1553560,1553560,1553560,1553560,1553560,1553560,1553560,1553560,1553560,1553560,1553560,1553560,1553560,1553560,1553560
Northern Mariana Islands,MNP,Land area (sq. km),AG.LND.TOTL.K2,,,,,,,,,,,,,,,,,,,,,,,,,,,,,,,,460,460,460,460,460,460,460,460,460,460,460,460,460,460,460,460,460,460,460,460,460,460,460,460
Mozambique,MOZ,Land area (sq. km),AG.LND.TOTL.K2,,786380,786380,786380,786380,786380,786380,786380,786380,786380,786380,786380,786380,786380,786380,786380,786380,786380,786380,786380,786380,786380,786380,786380,786380,786380,786380,786380,786380,786380,786380,786380,786380,786380,786380,786380,786380,786380,786380,786380,786380,786380,786380,786380,786380,786380,786380,786380,786380,786380,786380,786380,786380,786380,786380
Mauritania,MRT,Land area (sq. km),AG.LND.TOTL.K2,,1030700,1030700,1030700,1030700,1030700,1030700,1030700,1030700,1030700,1030700,1030700,1030700,1030700,1030700,1030700,1030700,1030700,1030700,1030700,1030700,1030700,1030700,1030700,1030700,1030700,1030700,1030700,1030700,1030700,1030700,1030700,1030700,1030700,1030700,1030700,1030700,1030700,1030700,1030700,1030700,1030700,1030700,1030700,1030700,1030700,1030700,1030700,1030700,1030700,1030700,1030700,1030700,1030700,1030700
Mauritius,MUS,Land area (sq. km),AG.LND.TOTL.K2,,2030,2030,2030,2030,2030,2030,2030,2030,2030,2030,2030,2030,2030,2030,2030,2030,2030,2030,2030,2030,2030,2030,2030,2030,2030,2030,2030,2030,2030,2030,2030,2030,2030,2030,2030,2030,2030,2030,2030,2030,2030,2030,2030,2030,2030,2030,2030,2030,2030,2030,2030,2030,2030,2030
Malawi,MWI,Land area (sq. km),AG.LND.TOTL.K2,,94280,94280,94280,94280,94280,94280,94280,94280,94280,94280,94280,94280,94280,94280,94280,94280,94280,94280,94280,94280,94280,94280,94280,94280,94280,94280,94280,94280,94280,94280,94280,94280,94280,94280,94280,94280,94280,94280,94280,94280,94280,94280,94280,94280,94280,94280,94280,94280,94280,94280,94280,94280,94280,94280
Malaysia,MYS,Land area (sq. km),AG.LND.TOTL.K2,,328550,328550,328550,328550,328550,328550,328550,328550,328550,328550,328550,328550,328550,328550,328550,328550,328550,328550,328550,328550,328550,328550,328550,328550,328550,328550,328550,328550,328550,328550,328550,328550,328550,328550,328550,328550,328550,328550,328550,328550,328550,328550,328550,328550,328550,328550,328550,328550,328550,328550,328550,328550,328550,328550
North America,NAC,Land area (sq. km),AG.LND.TOTL.K2,,18252520,18252520,18252520,18252520,18252520,18252520,18252520,18252520,18252520,18252520,18252520,18252520,18252520,18252520,18252520,18252520,18252520,18252520,18252520,18252520,18252520,18252520,18252520,18252520,18252520,18252520,18252520,18252520,18252520,18252520,18252520,18252520,18252520,18252520,18252520,18252520,18252520,18252520,18252520,18255480,18255480,18255480,18255480,18255480,18255480,18255480,18255480,18240980,18240980,18240980,18240980,18240980,18240980,18240980
Namibia,NAM,Land area (sq. km),AG.LND.TOTL.K2,,823290,823290,823290,823290,823290,823290,823290,823290,823290,823290,823290,823290,823290,823290,823290,823290,823290,823290,823290,823290,823290,823290,823290,823290,823290,823290,823290,823290,823290,823290,823290,823290,823290,823290,823290,823290,823290,823290,823290,823290,823290,823290,823290,823290,823290,823290,823290,823290,823290,823290,823290,823290,823290,823290
New Caledonia,NCL,Land area (sq. km),AG.LND.TOTL.K2,,18280,18280,18280,18280,18280,18280,18280,18280,18280,18280,18280,18280,18280,18280,18280,18280,18280,18280,18280,18280,18280,18280,18280,18280,18280,18280,18280,18280,18280,18280,18280,18280,18280,18280,18280,18280,18280,18280,18280,18280,18280,18280,18280,18280,18280,18280,18280,18280,18280,18280,18280,18280,18280,18280
Niger,NER,Land area (sq. km),AG.LND.TOTL.K2,,1266700,1266700,1266700,1266700,1266700,1266700,1266700,1266700,1266700,1266700,1266700,1266700,1266700,1266700,1266700,1266700,1266700,1266700,1266700,1266700,1266700,1266700,1266700,1266700,1266700,1266700,1266700,1266700,1266700,1266700,1266700,1266700,1266700,1266700,1266700,1266700,1266700,1266700,1266700,1266700,1266700,1266700,1266700,1266700,1266700,1266700,1266700,1266700,1266700,1266700,1266700,1266700,1266700,1266700
Nigeria,NGA,Land area (sq. km),AG.LND.TOTL.K2,,910770,910770,910770,910770,910770,910770,910770,910770,910770,910770,910770,910770,910770,910770,910770,910770,910770,910770,910770,910770,910770,910770,910770,910770,910770,910770,910770,910770,910770,910770,910770,910770,910770,910770,910770,910770,910770,910770,910770,910770,910770,910770,910770,910770,910770,910770,910770,910770,910770,910770,910770,910770,910770,910770
Nicaragua,NIC,Land area (sq. km),AG.LND.TOTL.K2,,120340,120340,120340,120340,120340,120340,120340,120340,120340,120340,120340,120340,120340,120340,120340,120340,120340,120340,120340,120340,120340,120340,120340,120340,120340,120340,120340,120340,120340,120340,120340,120340,120340,120340,120340,120340,120340,120340,120340,120340,120340,120340,120340,120340,120340,120340,120340,120340,120340,120340,120340,120340,120340,120340
Netherlands,NLD,Land area (sq. km),AG.LND.TOTL.K2,,33760,33760,33760,33760,33760,33760,33760,33760,33760,33760,33760,33760,33760,33760,33760,33760,33760,33760,33760,33760,33760,33760,33760,33760,33760,33760,33760,33760,33760,33760,33760,33760,33760,33760,33760,33760,33760,33760,33760,33760,33760,33760,33760,33760,33760,33760,33760,33760,33730,33690,33720,33720,33720,33720
High income: nonOECD,NOC,Land area (sq. km),AG.LND.TOTL.K2,,19793230.4,19793230.4,19793230.4,19793230.4,19793230.4,19793230.4,19793230.4,19793230.4,19793230.4,19793230.4,19793230.4,19793230.4,19793230.4,19793230.4,19793220.4,19793220.4,19793210.4,19793210.4,19793210.4,19793120.4,19793120.4,19793110.4,19793110.4,19793110.4,19793110.4,19793110.4,19793110.4,19793110.4,19793110.4,19793110.4,19793570.4,19793590.4,19789820.4,19784970.4,19782080.4,19781730.4,19851170.4,19853750.4,19860960.4,19853790.4,19852896.4,19853402.4,19853464.4,19853777.4,19853947.4,19850303,19850314.6,19849454.6,19849438.9,19849495.1,19849454.3,19849434.3,19849434.3,19849434.3
Norway,NOR,Land area (sq. km),AG.LND.TOTL.K2,,365268,365268,365268,365268,365268,365268,365268,365268,365268,365268,365268,365268,365268,365268,365268,365268,365268,365268,365268,365268,365268,365268,365268,365268,365268,365268,365268,365268,365268,365268,365268,365268,365268,365268,365268,365268,365268,365268,365268,365268,365268,365268,365268,365268,365268,365268,365268,365268,365268,365268,365268,365268,365268,365268
Nepal,NPL,Land area (sq. km),AG.LND.TOTL.K2,,143000,143000,143000,143000,143000,143000,143000,143000,143000,143000,143000,143000,143000,143000,143000,143000,143000,143000,143000,143000,143000,143000,143000,143000,143000,143000,143000,143000,143000,143000,143000,143000,143000,143000,143000,143000,143000,143000,143000,143350,143350,143350,143350,143350,143350,143350,143350,143350,143350,143350,143350,143350,143350,143350
New Zealand,NZL,Land area (sq. km),AG.LND.TOTL.K2,,263310,263310,263310,263310,263310,263310,263310,263310,263310,263310,263310,263310,263310,263310,263310,263310,263310,263310,263310,263310,263310,263310,263310,263310,263310,263310,263310,263310,263310,263310,263310,263310,263310,263310,263310,263310,263310,263310,263310,263310,263310,263310,263310,263310,263310,263310,263310,263310,263310,263310,263310,263310,263310,263310
High income: OECD,OEC,Land area (sq. km),AG.LND.TOTL.K2,,31520964,31520964,31520964,31520964,31520964,31520964,31520964,31520964,31520964,31520964,31520964,31520864,31520864,31520834,31520614,31520554,31520424,31520414,31520434,31520264,31520354,31520154,31520124,31518635,31518535,31518635,31518545,31518545,31518545,31518545,31518545,31518585,31518575,31518565,31518555,31518444,31518403,31518372,31518331,31553690,31553439,31553968,31554087,31554106,31553994,31553373,31553472,31538523,31538592,31538683,31538645,31535734,31535734,31535734
OECD members,OED,Land area (sq. km),AG.LND.TOTL.K2,,34324584,34324564,34324574,34324574,34324564,34324554,34324544,34324534,34324534,34324524,34324514,34324414,34324414,34324384,34324164,34324084,34323964,34323964,34323934,34323754,34323834,34323624,34323584,34322095,34321995,34322095,34322005,34321995,34321995,34321995,34321995,34322035,34322015,34322005,34321995,34321884,34321783,34321752,34321711,34356890,34356639,34357168,34357287,34357306,34357184,34356563,34356662,34341713,34342702,34342793,34342755,34339844,34339844,34339844
Oman,OMN,Land area (sq. km),AG.LND.TOTL.K2,,309500,309500,309500,309500,309500,309500,309500,309500,309500,309500,309500,309500,309500,309500,309500,309500,309500,309500,309500,309500,309500,309500,309500,309500,309500,309500,309500,309500,309500,309500,309500,309500,309500,309500,309500,309500,309500,309500,309500,309500,309500,309500,309500,309500,309500,309500,309500,309500,309500,309500,309500,309500,309500,309500
Other small states,OSS,Land area (sq. km),AG.LND.TOTL.K2,,1869404,1869404,1869404,1869404,1869404,1869404,1869404,1869404,1869404,1869404,1869404,1869404,1869404,1869404,1869404,1869404,1869404,1869404,1869404,1869404,1869404,1869404,1869404,1869404,1869404,1869404,1869404,1869404,1869404,1869404,1869404,1869404,1869404,1862481,1862481,1862481,1862481,1862481,1862481,1862481,1862481,1862481,1862481,1860798,1860798,1860798,1860798,1860798,1860798,1860798,1860798,1860798,1860798,1860798
Pakistan,PAK,Land area (sq. km),AG.LND.TOTL.K2,,770880,770880,770880,770880,770880,770880,770880,770880,770880,770880,770880,770880,770880,770880,770880,770880,770880,770880,770880,770880,770880,770880,770880,770880,770880,770880,770880,770880,770880,770880,770880,770880,770880,770880,770880,770880,770880,770880,770880,770880,770880,770880,770880,770880,770880,770880,770880,770880,770880,770880,770880,770880,770880,770880
Panama,PAN,Land area (sq. km),AG.LND.TOTL.K2,,74340,74340,74340,74340,74340,74340,74340,74340,74340,74340,74340,74340,74340,74340,74340,74340,74340,74340,74340,74340,74340,74340,74340,74340,74340,74340,74340,74340,74340,74340,74340,74340,74340,74340,74340,74340,74340,74340,74340,74340,74340,74340,74340,74340,74340,74340,74340,74340,74340,74340,74340,74340,74340,74340
Peru,PER,Land area (sq. km),AG.LND.TOTL.K2,,1280000,1280000,1280000,1280000,1280000,1280000,1280000,1280000,1280000,1280000,1280000,1280000,1280000,1280000,1280000,1280000,1280000,1280000,1280000,1280000,1280000,1280000,1280000,1280000,1280000,1280000,1280000,1280000,1280000,1280000,1280000,1280000,1280000,1280000,1280000,1280000,1280000,1280000,1280000,1280000,1280000,1280000,1280000,1280000,1280000,1280000,1280000,1280000,1280000,1280000,1280000,1280000,1280000,1280000
Philippines,PHL,Land area (sq. km),AG.LND.TOTL.K2,,298260,298260,298260,298260,298260,298260,298260,298260,298260,298260,298260,298260,298230,298190,298170,298170,298170,298170,298170,298170,298170,298170,298170,298170,298170,298170,298170,298170,298170,298170,298170,298170,298170,298170,298170,298170,298170,298170,298170,298170,298170,298170,298170,298170,298170,298170,298170,298170,298170,298170,298170,298170,298170,298170
Palau,PLW,Land area (sq. km),AG.LND.TOTL.K2,,,,,,,,,,,,,,,,,,,,,,,,,,,,,,,,460,460,460,460,460,460,460,460,460,460,460,460,460,460,460,460,460,460,460,460,460,460,460,460
Papua New Guinea,PNG,Land area (sq. km),AG.LND.TOTL.K2,,452860,452860,452860,452860,452860,452860,452860,452860,452860,452860,452860,452860,452860,452860,452860,452860,452860,452860,452860,452860,452860,452860,452860,452860,452860,452860,452860,452860,452860,452860,452860,452860,452860,452860,452860,452860,452860,452860,452860,452860,452860,452860,452860,452860,452860,452860,452860,452860,452860,452860,452860,452860,452860,452860
Poland,POL,Land area (sq. km),AG.LND.TOTL.K2,,306290,306290,306290,306290,306290,306290,306290,306290,306290,306290,306290,306290,306290,306290,306290,306290,306290,306290,306290,306290,306290,306290,306290,306290,306290,306290,306290,306290,306290,306290,306290,306290,306290,306290,306290,306290,306290,306290,306290,306290,306290,306290,306240,306330,306330,306320,306320,306300,306280,306280,306230,306220,306220,306220
Puerto Rico,PRI,Land area (sq. km),AG.LND.TOTL.K2,,8870,8870,8870,8870,8870,8870,8870,8870,8870,8870,8870,8870,8870,8870,8870,8870,8870,8870,8870,8870,8870,8870,8870,8870,8870,8870,8870,8870,8870,8870,8870,8870,8870,8870,8870,8870,8870,8870,8870,8870,8870,8870,8870,8870,8870,8870,8870,8870,8870,8870,8870,8870,8870,8870
"Korea, Dem. Rep.",PRK,Land area (sq. km),AG.LND.TOTL.K2,,120410,120410,120410,120410,120410,120410,120410,120410,120410,120410,120410,120410,120410,120410,120410,120410,120410,120410,120410,120410,120410,120410,120410,120410,120410,120410,120410,120410,120410,120410,120410,120410,120410,120410,120410,120410,120410,120410,120410,120410,120410,120410,120410,120410,120410,120410,120410,120410,120410,120410,120410,120410,120410,120410
Portugal,PRT,Land area (sq. km),AG.LND.TOTL.K2,,91500,91500,91500,91500,91500,91500,91500,91500,91500,91500,91500,91500,91500,91500,91500,91500,91500,91500,91500,91500,91500,91500,91500,91500,91500,91500,91500,91500,91500,91500,91500,91500,91500,91500,91500,91500,91500,91500,91500,91500,91500,91500,91500,91500,91470,91470,91470,91470,91590,91590,91590,91590,91590,91590
Paraguay,PRY,Land area (sq. km),AG.LND.TOTL.K2,,397300,397300,397300,397300,397300,397300,397300,397300,397300,397300,397300,397300,397300,397300,397300,397300,397300,397300,397300,397300,397300,397300,397300,397300,397300,397300,397300,397300,397300,397300,397300,397300,397300,397300,397300,397300,397300,397300,397300,397300,397300,397300,397300,397300,397300,397300,397300,397300,397300,397300,397300,397300,397300,397300
Pacific island small states,PSS,Land area (sq. km),AG.LND.TOTL.K2,,62840,62840,62840,62840,62840,62840,62840,62840,62840,62840,62840,62840,62840,62840,62840,62840,62840,62840,62840,62840,62840,62840,62840,62840,62840,62840,62840,62840,62840,62840,64180,64180,64180,64180,64180,64180,64180,64180,64180,64180,64180,64180,64180,64180,64180,64180,64180,64180,64180,64180,64180,64180,64180,64180
French Polynesia,PYF,Land area (sq. km),AG.LND.TOTL.K2,,3660,3660,3660,3660,3660,3660,3660,3660,3660,3660,3660,3660,3660,3660,3660,3660,3660,3660,3660,3660,3660,3660,3660,3660,3660,3660,3660,3660,3660,3660,3660,3660,3660,3660,3660,3660,3660,3660,3660,3660,3660,3660,3660,3660,3660,3660,3660,3660,3660,3660,3660,3660,3660,3660
Qatar,QAT,Land area (sq. km),AG.LND.TOTL.K2,,11610,11610,11610,11610,11610,11610,11610,11610,11610,11610,11610,11610,11610,11610,11610,11610,11610,11610,11610,11610,11610,11610,11610,11610,11610,11610,11610,11610,11610,11610,11610,11610,11610,11610,11610,11610,11610,11610,11610,11610,11610,11610,11610,11610,11610,11610,11610,11610,11610,11610,11610,11610,11610,11610
Romania,ROU,Land area (sq. km),AG.LND.TOTL.K2,,230340,230340,230340,230340,230340,230340,230340,230340,230340,230340,230340,230340,230340,230340,230340,230340,230340,230340,230340,230340,230340,230340,230340,230340,230340,230340,230340,230340,229350,229350,229460,229460,229460,229510,229490,229520,229530,229590,229600,229710,229710,229870,229950,230000,229980,229980,229890,229900,230060,230050,230170,230020,230020,230020
Russian Federation,RUS,Land area (sq. km),AG.LND.TOTL.K2,,16389950,16389950,16389950,16389950,16389950,16389950,16389950,16389950,16389950,16389950,16389950,16389950,16389950,16389950,16389950,16389950,16389950,16389950,16389950,16389950,16389950,16389950,16389950,16389950,16389950,16389950,16389950,16389950,16389950,16389950,16389950,16389950,16386180,16381330,16378380,16377960,16378650,16381300,16388510,16381340,16380440,16380940,16380980,16381230,16381390,16377740,16377740,16376870,16376870,16376870,16376870,16376870,16376870,16376870
Rwanda,RWA,Land area (sq. km),AG.LND.TOTL.K2,,24670,24670,24670,24670,24670,24670,24670,24670,24670,24670,24670,24670,24670,24670,24670,24670,24670,24670,24670,24670,24670,24670,24670,24670,24670,24670,24670,24670,24670,24670,24670,24670,24670,24670,24670,24670,24670,24670,24670,24670,24670,24670,24670,24670,24670,24670,24670,24670,24670,24670,24670,24670,24670,24670
South Asia,SAS,Land area (sq. km),AG.LND.TOTL.K2,,4779833,4779833,4779833,4779833,4779833,4779833,4779833,4779833,4779833,4779833,4779833,4779833,4779833,4779833,4779833,4779833,4779833,4779833,4779833,4779833,4779833,4779833,4779833,4779833,4779833,4779833,4779833,4779833,4779833,4779833,4779833,4779833,4779833,4772910,4772910,4772910,4772910,4772910,4772910,4773260,4773260,4773260,4773260,4771577,4771577,4771577,4771577,4771577,4771577,4771577,4771577,4771577,4771577,4771577
Saudi Arabia,SAU,Land area (sq. km),AG.LND.TOTL.K2,,2149690,2149690,2149690,2149690,2149690,2149690,2149690,2149690,2149690,2149690,2149690,2149690,2149690,2149690,2149690,2149690,2149690,2149690,2149690,2149690,2149690,2149690,2149690,2149690,2149690,2149690,2149690,2149690,2149690,2149690,2149690,2149690,2149690,2149690,2149690,2149690,2149690,2149690,2149690,2149690,2149690,2149690,2149690,2149690,2149690,2149690,2149690,2149690,2149690,2149690,2149690,2149690,2149690,2149690
Sudan,SDN,Land area (sq. km),AG.LND.TOTL.K2,,2376000,2376000,2376000,2376000,2376000,2376000,2376000,2376000,2376000,2376000,2376000,2376000,2376000,2376000,2376000,2376000,2376000,2376000,2376000,2376000,2376000,2376000,2376000,2376000,2376000,2376000,2376000,2376000,2376000,2376000,2376000,2376000,2376000,2376000,2376000,2376000,2376000,2376000,2376000,2376000,2376000,2376000,2376000,2376000,2376000,2376000,2376000,2376000,2376000,2376000,2376000,2376000,2376000,2376000
Senegal,SEN,Land area (sq. km),AG.LND.TOTL.K2,,192530,192530,192530,192530,192530,192530,192530,192530,192530,192530,192530,192530,192530,192530,192530,192530,192530,192530,192530,192530,192530,192530,192530,192530,192530,192530,192530,192530,192530,192530,192530,192530,192530,192530,192530,192530,192530,192530,192530,192530,192530,192530,192530,192530,192530,192530,192530,192530,192530,192530,192530,192530,192530,192530
Singapore,SGP,Land area (sq. km),AG.LND.TOTL.K2,,670,670,670,670,670,670,670,670,670,670,670,670,670,670,670,670,670,670,670,670,670,670,670,670,670,670,670,670,670,670,670,670,670,670,670,670,670,670,670,670,670,675,687,689,689,694,695,700,700,700,700,700,700,700
Solomon Islands,SLB,Land area (sq. km),AG.LND.TOTL.K2,,27990,27990,27990,27990,27990,27990,27990,27990,27990,27990,27990,27990,27990,27990,27990,27990,27990,27990,27990,27990,27990,27990,27990,27990,27990,27990,27990,27990,27990,27990,27990,27990,27990,27990,27990,27990,27990,27990,27990,27990,27990,27990,27990,27990,27990,27990,27990,27990,27990,27990,27990,27990,27990,27990
Sierra Leone,SLE,Land area (sq. km),AG.LND.TOTL.K2,,72180,72180,72180,72180,72180,72180,72180,72180,72180,72180,72180,72180,72180,72180,72180,72180,72180,72180,72180,72180,72180,72180,72180,72180,72180,72180,72180,72180,72180,72180,72180,72180,72180,72180,72180,72180,72180,72180,72180,72180,72180,72180,72180,72180,72180,72180,72180,72180,72180,72180,72180,72180,72180,72180
El Salvador,SLV,Land area (sq. km),AG.LND.TOTL.K2,,20850,20850,20850,20850,20850,20850,20850,20850,20850,20850,20850,20850,20850,20850,20850,20720,20720,20720,20720,20720,20720,20720,20720,20720,20720,20720,20720,20720,20720,20720,20720,20720,20720,20720,20720,20720,20720,20720,20720,20720,20720,20720,20720,20720,20720,20720,20720,20720,20720,20720,20720,20720,20720,20720
San Marino,SMR,Land area (sq. km),AG.LND.TOTL.K2,,60,60,60,60,60,60,60,60,60,60,60,60,60,60,60,60,60,60,60,60,60,60,60,60,60,60,60,60,60,60,60,60,60,60,60,60,60,60,60,60,60,60,60,60,60,60,60,60,60,60,60,60,60,60
Somalia,SOM,Land area (sq. km),AG.LND.TOTL.K2,,627340,627340,627340,627340,627340,627340,627340,627340,627340,627340,627340,627340,627340,627340,627340,627340,627340,627340,627340,627340,627340,627340,627340,627340,627340,627340,627340,627340,627340,627340,627340,627340,627340,627340,627340,627340,627340,627340,627340,627340,627340,627340,627340,627340,627340,627340,627340,627340,627340,627340,627340,627340,627340,627340
Serbia,SRB,Land area (sq. km),AG.LND.TOTL.K2,,87460,87460,87460,87460,87460,87460,87460,87460,87460,87460,87460,87460,87460,87460,87460,87460,87460,87460,87460,87460,87460,87460,87460,87460,87460,87460,87460,87460,87460,87460,87460,87460,87460,87460,87460,87460,87460,87460,87460,87460,87460,87460,87460,87460,87460,87460,87460,87460,87460,87460,87460,87460,87460,87460
Sub-Saharan Africa (developing only),SSA,Land area (sq. km),AG.LND.TOTL.K2,,23691141,23691141,23691141,23691141,23691141,23691141,23691141,23691141,23691141,23691141,23691141,23691141,23691141,23690741,23690341,23690341,23690341,23690341,23690341,23690341,23690341,23690341,23690341,23690341,23690341,23690341,23690341,23690341,23690341,23690341,23690341,23690341,23589341,23589341,23589341,23589341,23589341,23589341,23589341,23589341,23589341,23589341,23589341,23589341,23589341,23589341,23589341,23589341,23589341,23589341,23589596,23589596,23589596,23589596
South Sudan,SSD,Land area (sq. km),AG.LND.TOTL.K2,,,,,,,,,,,,,,,,,,,,,,,,,,,,,,,,,,,,,,,,,,,,,,,,,,,,,,,
Sub-Saharan Africa (all income levels),SSF,Land area (sq. km),AG.LND.TOTL.K2,,23719191,23719191,23719191,23719191,23719191,23719191,23719191,23719191,23719191,23719191,23719191,23719191,23719191,23718791,23718391,23718391,23718391,23718391,23718391,23718391,23718391,23718391,23718391,23718391,23718391,23718391,23718391,23718391,23718391,23718391,23718391,23718391,23617391,23617391,23617391,23617391,23617391,23617391,23617391,23617391,23617391,23617391,23617391,23617391,23617391,23617391,23617391,23617391,23617391,23617391,23617646,23617646,23617646,23617646
Small states,SST,Land area (sq. km),AG.LND.TOTL.K2,,2337044,2337044,2337044,2337044,2337044,2337044,2337044,2337044,2337044,2337044,2337044,2337044,2337044,2337044,2337184,2337184,2337184,2337184,2337184,2337094,2337094,2337094,2337094,2337094,2337094,2337094,2337094,2337094,2337094,2337094,2338434,2338434,2338434,2331511,2331511,2331511,2331511,2331511,2331511,2331511,2331511,2331511,2331511,2329828,2329828,2329828,2329828,2329828,2329828,2329828,2329828,2329828,2329828,2329828
Sao Tome and Principe,STP,Land area (sq. km),AG.LND.TOTL.K2,,960,960,960,960,960,960,960,960,960,960,960,960,960,960,960,960,960,960,960,960,960,960,960,960,960,960,960,960,960,960,960,960,960,960,960,960,960,960,960,960,960,960,960,960,960,960,960,960,960,960,960,960,960,960
Suriname,SUR,Land area (sq. km),AG.LND.TOTL.K2,,156000,156000,156000,156000,156000,156000,156000,156000,156000,156000,156000,156000,156000,156000,156000,156000,156000,156000,156000,156000,156000,156000,156000,156000,156000,156000,156000,156000,156000,156000,156000,156000,156000,156000,156000,156000,156000,156000,156000,156000,156000,156000,156000,156000,156000,156000,156000,156000,156000,156000,156000,156000,156000,156000
Slovak Republic,SVK,Land area (sq. km),AG.LND.TOTL.K2,,48100,48100,48100,48100,48100,48100,48100,48100,48100,48100,48100,48100,48100,48100,48100,48100,48100,48100,48100,48100,48100,48100,48100,48100,48100,48100,48100,48100,48100,48100,48100,48100,48100,48100,48100,48100,48100,48100,48100,48100,48100,48100,48110,48100,48100,48100,48100,48100,48090,48091,48088,48088,48088,48088
Slovenia,SVN,Land area (sq. km),AG.LND.TOTL.K2,,20140,20140,20140,20140,20140,20140,20140,20140,20140,20140,20140,20140,20140,20140,20140,20140,20140,20140,20140,20140,20140,20140,20140,20140,20140,20140,20140,20140,20140,20140,20140,20140,20140,20140,20140,20140,20140,20140,20140,20140,20140,20140,20140,20140,20140,20140,20140,20140,20140,20140,20140,20140,20140,20140
Sweden,SWE,Land area (sq. km),AG.LND.TOTL.K2,,410340,410340,410340,410340,410340,410340,410340,410340,410340,410340,410340,410340,410340,410340,410340,410340,410340,410340,410340,410340,410340,410340,410340,410340,410340,410340,410340,410340,410340,410340,410340,410340,410340,410340,410340,410340,410340,410340,410340,410340,410340,410340,410340,410340,410340,410340,410340,410340,410340,410340,410340,407340,407340,407340
Swaziland,SWZ,Land area (sq. km),AG.LND.TOTL.K2,,17200,17200,17200,17200,17200,17200,17200,17200,17200,17200,17200,17200,17200,17200,17200,17200,17200,17200,17200,17200,17200,17200,17200,17200,17200,17200,17200,17200,17200,17200,17200,17200,17200,17200,17200,17200,17200,17200,17200,17200,17200,17200,17200,17200,17200,17200,17200,17200,17200,17200,17200,17200,17200,17200
Sint Maarten (Dutch part),SXM,Land area (sq. km),AG.LND.TOTL.K2,,34,34,34,34,34,34,34,34,34,34,34,34,34,34,34,34,34,34,34,34,34,34,34,34,34,34,34,34,34,34,34,34,34,34,34,34,34,34,34,34,34,34,34,34,34,34,34,34,34,34,34,34,34,34
Seychelles,SYC,Land area (sq. km),AG.LND.TOTL.K2,,460,460,460,460,460,460,460,460,460,460,460,460,460,460,460,460,460,460,460,460,460,460,460,460,460,460,460,460,460,460,460,460,460,460,460,460,460,460,460,460,460,460,460,460,460,460,460,460,460,460,460,460,460,460
Syrian Arab Republic,SYR,Land area (sq. km),AG.LND.TOTL.K2,,183780,183780,183780,183780,183780,183780,183780,183780,183780,183780,183780,183780,183780,183780,183780,183780,183780,183780,183780,183780,183780,183780,183780,183780,183780,183780,183780,183780,183780,183780,183780,183780,183780,183780,183780,183780,183780,183780,183780,183780,183780,183780,183590,183570,183570,183630,183640,183640,183640,183630,183630,183630,183630,183630
Turks and Caicos Islands,TCA,Land area (sq. km),AG.LND.TOTL.K2,,950,950,950,950,950,950,950,950,950,950,950,950,950,950,950,950,950,950,950,950,950,950,950,950,950,950,950,950,950,950,950,950,950,950,950,950,950,950,950,950,950,950,950,950,950,950,950,950,950,950,950,950,950,950
Chad,TCD,Land area (sq. km),AG.LND.TOTL.K2,,1260000,1260000,1260000,1260000,1260000,1260000,1260000,1260000,1260000,1260000,1260000,1260000,1260000,1259600,1259200,1259200,1259200,1259200,1259200,1259200,1259200,1259200,1259200,1259200,1259200,1259200,1259200,1259200,1259200,1259200,1259200,1259200,1259200,1259200,1259200,1259200,1259200,1259200,1259200,1259200,1259200,1259200,1259200,1259200,1259200,1259200,1259200,1259200,1259200,1259200,1259200,1259200,1259200,1259200
Togo,TGO,Land area (sq. km),AG.LND.TOTL.K2,,54390,54390,54390,54390,54390,54390,54390,54390,54390,54390,54390,54390,54390,54390,54390,54390,54390,54390,54390,54390,54390,54390,54390,54390,54390,54390,54390,54390,54390,54390,54390,54390,54390,54390,54390,54390,54390,54390,54390,54390,54390,54390,54390,54390,54390,54390,54390,54390,54390,54390,54390,54390,54390,54390
Thailand,THA,Land area (sq. km),AG.LND.TOTL.K2,,510890,510890,510890,510890,510890,510890,510890,510890,510890,510890,510890,510890,510890,510890,510890,510890,510890,510890,510890,510890,510890,510890,510890,510890,510890,510890,510890,510890,510890,510890,510890,510890,510890,510890,510890,510890,510890,510890,510890,510890,510890,510890,510890,510890,510890,510890,510890,510890,510890,510890,510890,510890,510890,510890
Tajikistan,TJK,Land area (sq. km),AG.LND.TOTL.K2,,139960,139960,139960,139960,139960,139960,139960,139960,139960,139960,139960,139960,139960,139960,139960,139960,139960,139960,139960,139960,139960,139960,139960,139960,139960,139960,139960,139960,139960,139960,139960,139960,139960,139960,139960,139960,139960,139960,139960,139960,139960,139960,139960,139960,139960,139960,139960,139960,139960,139960,139960,139960,139960,139960
Turkmenistan,TKM,Land area (sq. km),AG.LND.TOTL.K2,,469930,469930,469930,469930,469930,469930,469930,469930,469930,469930,469930,469930,469930,469930,469930,469930,469930,469930,469930,469930,469930,469930,469930,469930,469930,469930,469930,469930,469930,469930,469930,469930,469930,469930,469930,469930,469930,469930,469930,469930,469930,469930,469930,469930,469930,469930,469930,469930,469930,469930,469930,469930,469930,469930
Timor-Leste,TLS,Land area (sq. km),AG.LND.TOTL.K2,,14870,14870,14870,14870,14870,14870,14870,14870,14870,14870,14870,14870,14870,14870,14870,14870,14870,14870,14870,14870,14870,14870,14870,14870,14870,14870,14870,14870,14870,14870,14870,14870,14870,14870,14870,14870,14870,14870,14870,14870,14870,14870,14870,14870,14870,14870,14870,14870,14870,14870,14870,14870,14870,14870
Tonga,TON,Land area (sq. km),AG.LND.TOTL.K2,,720,720,720,720,720,720,720,720,720,720,720,720,720,720,720,720,720,720,720,720,720,720,720,720,720,720,720,720,720,720,720,720,720,720,720,720,720,720,720,720,720,720,720,720,720,720,720,720,720,720,720,720,720,720
Trinidad and Tobago,TTO,Land area (sq. km),AG.LND.TOTL.K2,,5130,5130,5130,5130,5130,5130,5130,5130,5130,5130,5130,5130,5130,5130,5130,5130,5130,5130,5130,5130,5130,5130,5130,5130,5130,5130,5130,5130,5130,5130,5130,5130,5130,5130,5130,5130,5130,5130,5130,5130,5130,5130,5130,5130,5130,5130,5130,5130,5130,5130,5130,5130,5130,5130
Tunisia,TUN,Land area (sq. km),AG.LND.TOTL.K2,,155360,155360,155360,155360,155360,155360,155360,155360,155360,155360,155360,155360,155360,155360,155360,155360,155360,155360,155360,155360,155360,155360,155360,155360,155360,155360,155360,155360,155360,155360,155360,155360,155360,155360,155360,155360,155360,155360,155360,155360,155360,155360,155360,155360,155360,155360,155360,155360,155360,155360,155360,155360,155360,155360
Turkey,TUR,Land area (sq. km),AG.LND.TOTL.K2,,769630,769630,769630,769630,769630,769630,769630,769630,769630,769630,769630,769630,769630,769630,769630,769630,769630,769630,769630,769630,769630,769630,769630,769630,769630,769630,769630,769630,769630,769630,769630,769630,769630,769630,769630,769630,769630,769630,769630,769630,769630,769630,769630,769630,769630,769630,769630,769630,769630,769630,769630,769630,769630,769630
Tuvalu,TUV,Land area (sq. km),AG.LND.TOTL.K2,,30,30,30,30,30,30,30,30,30,30,30,30,30,30,30,30,30,30,30,30,30,30,30,30,30,30,30,30,30,30,30,30,30,30,30,30,30,30,30,30,30,30,30,30,30,30,30,30,30,30,30,30,30,30
Tanzania,TZA,Land area (sq. km),AG.LND.TOTL.K2,,885800,885800,885800,885800,885800,885800,885800,885800,885800,885800,885800,885800,885800,885800,885800,885800,885800,885800,885800,885800,885800,885800,885800,885800,885800,885800,885800,885800,885800,885800,885800,885800,885800,885800,885800,885800,885800,885800,885800,885800,885800,885800,885800,885800,885800,885800,885800,885800,885800,885800,885800,885800,885800,885800
Uganda,UGA,Land area (sq. km),AG.LND.TOTL.K2,,199810,199810,199810,199810,199810,199810,199810,199810,199810,199810,199810,199810,199810,199810,199810,199810,199810,199810,199810,199810,199810,199810,199810,199810,199810,199810,199810,199810,199810,199810,199810,199810,199810,199810,199810,199810,199810,199810,199810,199810,199810,199810,199810,199810,199810,199810,199810,199810,199810,199810,199810,199810,199810,199810
Ukraine,UKR,Land area (sq. km),AG.LND.TOTL.K2,,579350,579350,579350,579350,579350,579350,579350,579350,579350,579350,579350,579350,579350,579350,579350,579350,579350,579350,579350,579350,579350,579350,579350,579350,579350,579350,579350,579350,579350,579350,579350,579350,579350,579350,579350,579350,579350,579350,579350,579350,579350,579340,579340,579340,579380,579360,579330,579320,579320,579320,579320,579320,579320,579320
Upper middle income,UMC,Land area (sq. km),AG.LND.TOTL.K2,,42739297,42739277,42739287,42739287,42739277,42739267,42739257,42739247,42739247,42739237,42739227,42739227,42739227,42739227,42739227,42739207,42739217,42739227,42739177,42739167,42739157,42739147,42739137,42739137,42739137,42739137,42739137,42739127,42738137,42738137,42738887,42738887,42738877,42738927,42738897,42738917,42738867,42710322,42709945,42709765,42709758.2,42707081.2,42707174.7,42707224.5,42707111.8,42707138.4,42706829.8,42706837.8,42705263,42705367,42705499,42705349,42705349,42705349
Uruguay,URY,Land area (sq. km),AG.LND.TOTL.K2,,175020,175020,175020,175020,175020,175020,175020,175020,175020,175020,175020,175020,175020,175020,175020,175020,175020,175020,175020,175020,175020,175020,175020,175020,175020,175020,175020,175020,175020,175020,175020,175020,175020,175020,175020,175020,175020,175020,175020,175020,175020,175020,175020,175020,175020,175020,175020,175020,175020,175020,175020,175020,175020,175020
United States,USA,Land area (sq. km),AG.LND.TOTL.K2,,9158960,9158960,9158960,9158960,9158960,9158960,9158960,9158960,9158960,9158960,9158960,9158960,9158960,9158960,9158960,9158960,9158960,9158960,9158960,9158960,9158960,9158960,9158960,9158960,9158960,9158960,9158960,9158960,9158960,9158960,9158960,9158960,9158960,9158960,9158960,9158960,9158960,9158960,9158960,9161920,9161920,9161920,9161920,9161920,9161920,9161920,9161920,9147420,9147420,9147420,9147420,9147420,9147420,9147420
Uzbekistan,UZB,Land area (sq. km),AG.LND.TOTL.K2,,425400,425400,425400,425400,425400,425400,425400,425400,425400,425400,425400,425400,425400,425400,425400,425400,425400,425400,425400,425400,425400,425400,425400,425400,425400,425400,425400,425400,425400,425400,425400,425400,425400,425400,425400,425400,425400,425400,425400,425400,425400,425400,425400,425400,425400,425400,425400,425400,425400,425400,425400,425400,425400,425400
St. Vincent and the Grenadines,VCT,Land area (sq. km),AG.LND.TOTL.K2,,390,390,390,390,390,390,390,390,390,390,390,390,390,390,390,390,390,390,390,390,390,390,390,390,390,390,390,390,390,390,390,390,390,390,390,390,390,390,390,390,390,390,390,390,390,390,390,390,390,390,390,390,390,390
"Venezuela, RB",VEN,Land area (sq. km),AG.LND.TOTL.K2,,882050,882050,882050,882050,882050,882050,882050,882050,882050,882050,882050,882050,882050,882050,882050,882050,882050,882050,882050,882050,882050,882050,882050,882050,882050,882050,882050,882050,882050,882050,882050,882050,882050,882050,882050,882050,882050,882050,882050,882050,882050,882050,882050,882050,882050,882050,882050,882050,882050,882050,882050,882050,882050,882050
Virgin Islands (U.S.),VIR,Land area (sq. km),AG.LND.TOTL.K2,,350,350,350,350,350,350,350,350,350,350,350,350,350,350,350,350,350,350,350,350,350,350,350,350,350,350,350,350,350,350,350,350,350,350,350,350,350,350,350,350,350,350,350,350,350,350,350,350,350,350,350,350,350,350
Vietnam,VNM,Land area (sq. km),AG.LND.TOTL.K2,,325490,325490,325490,325490,325490,325490,325490,325490,325490,325490,325490,325490,325490,325490,325490,325490,325490,325490,325490,325490,325490,325490,325490,325490,325490,325490,325490,325490,325490,325490,325490,325490,325490,325490,325490,325490,325490,325490,325490,311060,311090,310550,310070,310070,310070,310070,310070,310070,310070,310070,310070,310070,310070,310070
Vanuatu,VUT,Land area (sq. km),AG.LND.TOTL.K2,,12190,12190,12190,12190,12190,12190,12190,12190,12190,12190,12190,12190,12190,12190,12190,12190,12190,12190,12190,12190,12190,12190,12190,12190,12190,12190,12190,12190,12190,12190,12190,12190,12190,12190,12190,12190,12190,12190,12190,12190,12190,12190,12190,12190,12190,12190,12190,12190,12190,12190,12190,12190,12190,12190
West Bank and Gaza,PSE,Land area (sq. km),AG.LND.TOTL.K2,,6020,6020,6020,6020,6020,6020,6020,6020,6020,6020,6020,6020,6020,6020,6020,6020,6020,6020,6020,6020,6020,6020,6020,6020,6020,6020,6020,6020,6020,6020,6020,6020,6020,6020,6020,6020,6020,6020,6020,6020,6020,6020,6020,6020,6020,6020,6020,6020,6020,6020,6020,6020,6020,6020
World,WLD,Land area (sq. km),AG.LND.TOTL.K2,,129821972.4,129821952.4,129821962.4,129821962.4,129821952.4,129821942.4,129821932.4,129821922.4,129821922.4,129821912.4,129821902.4,129821802.4,129821732.4,129821262.4,129820752.4,129820542.4,129820412.4,129820412.4,129820382.4,129820112.4,129820192.4,129819972.4,129819932.4,129818443.4,129818343.4,129818443.4,129818353.4,129818343.4,129817353.4,129817353.4,129819263.4,129819323.4,129714613.4,129702870.4,129699930.4,129699489.4,129768828.4,129742822.4,129749604.4,129763513.4,129762391.6,129760199.6,129759794.1,129758362.9,129758298.2,129754209.4,129754041.4,129738020.4,129736488.9,129736650.1,129736988.3,129733917.3,129733917.3,129733917.3
Samoa,WSM,Land area (sq. km),AG.LND.TOTL.K2,,2830,2830,2830,2830,2830,2830,2830,2830,2830,2830,2830,2830,2830,2830,2830,2830,2830,2830,2830,2830,2830,2830,2830,2830,2830,2830,2830,2830,2830,2830,2830,2830,2830,2830,2830,2830,2830,2830,2830,2830,2830,2830,2830,2830,2830,2830,2830,2830,2830,2830,2830,2830,2830,2830
"Yemen, Rep.",YEM,Land area (sq. km),AG.LND.TOTL.K2,,527970,527970,527970,527970,527970,527970,527970,527970,527970,527970,527970,527970,527970,527970,527970,527970,527970,527970,527970,527970,527970,527970,527970,527970,527970,527970,527970,527970,527970,527970,527970,527970,527970,527970,527970,527970,527970,527970,527970,527970,527970,527970,527970,527970,527970,527970,527970,527970,527970,527970,527970,527970,527970,527970
South Africa,ZAF,Land area (sq. km),AG.LND.TOTL.K2,,1213090,1213090,1213090,1213090,1213090,1213090,1213090,1213090,1213090,1213090,1213090,1213090,1213090,1213090,1213090,1213090,1213090,1213090,1213090,1213090,1213090,1213090,1213090,1213090,1213090,1213090,1213090,1213090,1213090,1213090,1213090,1213090,1213090,1213090,1213090,1213090,1213090,1213090,1213090,1213090,1213090,1213090,1213090,1213090,1213090,1213090,1213090,1213090,1213090,1213090,1213090,1213090,1213090,1213090
"Congo, Dem. Rep.",COD,Land area (sq. km),AG.LND.TOTL.K2,,2267050,2267050,2267050,2267050,2267050,2267050,2267050,2267050,2267050,2267050,2267050,2267050,2267050,2267050,2267050,2267050,2267050,2267050,2267050,2267050,2267050,2267050,2267050,2267050,2267050,2267050,2267050,2267050,2267050,2267050,2267050,2267050,2267050,2267050,2267050,2267050,2267050,2267050,2267050,2267050,2267050,2267050,2267050,2267050,2267050,2267050,2267050,2267050,2267050,2267050,2267050,2267050,2267050,2267050
Zambia,ZMB,Land area (sq. km),AG.LND.TOTL.K2,,743390,743390,743390,743390,743390,743390,743390,743390,743390,743390,743390,743390,743390,743390,743390,743390,743390,743390,743390,743390,743390,743390,743390,743390,743390,743390,743390,743390,743390,743390,743390,743390,743390,743390,743390,743390,743390,743390,743390,743390,743390,743390,743390,743390,743390,743390,743390,743390,743390,743390,743390,743390,743390,743390
Zimbabwe,ZWE,Land area (sq. km),AG.LND.TOTL.K2,,386850,386850,386850,386850,386850,386850,386850,386850,386850,386850,386850,386850,386850,386850,386850,386850,386850,386850,386850,386850,386850,386850,386850,386850,386850,386850,386850,386850,386850,386850,386850,386850,386850,386850,386850,386850,386850,386850,386850,386850,386850,386850,386850,386850,386850,386850,386850,386850,386850,386850,386850,386850,386850,386850
